{
	"AnalogVowel"	: {
		"trama_buena1"	: {
			"modRate"	: 0.1,
			"atk"	: 0.835,
			"freqs"	: [ 93.58,  110,  116.54,  123.47,  123.47,  125.98,  133.69,  155.56,  191,  233.08,  257.12,  349.23,  413.72,  493.88,  587.33,  587.33,  795.68,  932.33,  1174.66,  1174.66,  1396.91,  1441.95,  2060.03,  2320.15,  2637.02,  2943.06,  2959.96,  4462.17,  6374.87,  7179.82 ],
			"lag"	: 7.834,
			"panCtr"	: 0.4,
			"amp"	: -6.1630935314894,
			"panWidth"	: 0.61,
			"topfreq"	: 71,
			"ffreqhiMul"	: 1.5,
			"ffreqRateMul"	: 0.27,
			"ffreqloMul"	: 2.9,
			"dcy"	: 0.019,
			"amps"	: [ 1.76,  0.2,  0.58,  0.75,  0.72,  1.12,  1.03,  0.21,  1.61,  0.97,  0.43,  0.74,  1.2,  0.26,  0.57,  1.5,  0.83,  0.75,  1.13,  1.09,  0.31,  1.95,  0.56,  1.84,  1.59,  0.23,  1.88,  1.45,  0.71,  0.72 ],
			"ffreqRateCtr"	: 2.55,
			"detune"	: 0.139
		},
		"trama_fina1"	: {
			"modRate"	: 2.1,
			"atk"	: 1.873,
			"freqs"	: [ 93.58,  110,  116.54,  123.47,  123.47,  125.98,  133.69,  155.56,  191,  233.08,  257.12,  349.23,  413.72,  493.88,  587.33,  587.33,  795.68,  932.33,  1174.66,  1174.66,  1396.91,  1441.95,  2060.03,  2320.15,  2637.02,  2943.06,  2959.96,  4462.17,  6374.87,  7179.82 ],
			"lag"	: 9.313,
			"panCtr"	: -0.9,
			"amp"	: -6.1630935314894,
			"panWidth"	: 0.75,
			"topfreq"	: 2246,
			"ffreqhiMul"	: 5.7,
			"ffreqRateMul"	: 0.67,
			"ffreqloMul"	: 3.4,
			"dcy"	: 0.033,
			"amps"	: [ 1.76,  0.2,  0.58,  0.75,  0.72,  1.12,  1.03,  0.21,  1.61,  0.97,  0.43,  0.74,  1.2,  0.26,  0.57,  1.5,  0.83,  0.75,  1.13,  1.09,  0.31,  1.95,  0.56,  1.84,  1.59,  0.23,  1.88,  1.45,  0.71,  0.72 ],
			"ffreqRateCtr"	: 3.75,
			"detune"	: -0.31
		},
		"trama_mod1"	: {
			"modRate"	: 1.1,
			"atk"	: 0.257,
			"freqs"	: [ 88.18,  123.47,  146.83,  150.58,  150.58,  202.7,  220,  326.16,  349.23,  389.84,  389.84,  389.84,  392,  554.37,  783.99,  896.15,  987.77,  1108.73,  1941.12,  1975.53,  2060.03,  2462.28,  2793.83,  3961.91,  4204.6,  4462.17,  4698.64,  5025.6,  6006.9,  6006.9 ],
			"lag"	: 2.541,
			"panCtr"	: 0.6,
			"amp"	: -6.1630935314894,
			"panWidth"	: 1,
			"topfreq"	: 92,
			"ffreqhiMul"	: 1.6,
			"ffreqRateMul"	: 0.88,
			"ffreqloMul"	: 17.3,
			"dcy"	: 0.245,
			"amps"	: [ 1.57,  1.08,  1.66,  1.75,  0.59,  0.28,  1.98,  1.31,  0.64,  1.01,  0.69,  0.99,  0.32,  1.36,  1.48,  0.72,  1.21,  1.87,  1.34,  0.73,  1.33,  0.1,  1.61,  0.2,  0.45,  0.1,  1.89,  1.15,  1.21,  0.78 ],
			"ffreqRateCtr"	: 9.2,
			"detune"	: -0.295
		},
		"MR-fin1"	: {
			"modRate"	: 1,
			"atk"	: 0.014,
			"freqs"	: [ 88.18,  123.47,  146.83,  150.58,  150.58,  202.7,  220,  326.16,  349.23,  389.84,  389.84,  389.84,  392,  554.37,  783.99,  896.15,  987.77,  1108.73,  1941.12,  1975.53,  2060.03,  2462.28,  2793.83,  3961.91,  4204.6,  4462.17,  4698.64,  5025.6,  6006.9,  6006.9 ],
			"lag"	: 0.2,
			"panCtr"	: 0,
			"amp"	: -9.7987782548861,
			"panWidth"	: 1,
			"topfreq"	: 11080,
			"ffreqhiMul"	: 3.5,
			"ffreqRateMul"	: 0.5,
			"ffreqloMul"	: 3.2,
			"dcy"	: 0.08,
			"amps"	: [ 1.57,  1.08,  1.66,  1.75,  0.59,  0.28,  1.98,  1.31,  0.64,  1.01,  0.69,  0.99,  0.32,  1.36,  1.48,  0.72,  1.21,  1.87,  1.34,  0.73,  1.33,  0.1,  1.61,  0.2,  0.45,  0.1,  1.89,  1.15,  1.21,  0.78 ],
			"ffreqRateCtr"	: 5.57,
			"detune"	: 1.543
		},
		"preset0"	: {
			"topfreq"	: 0,
			"ffreqhiMul"	: 0,
			"modRate"	: 0,
			"lag"	: 0,
			"panCtr"	: 0,
			"detune"	: 0,
			"amp"	: 0,
			"ffreqRateCtr"	: 0,
			"atk"	: 0,
			"dcy"	: 0,
			"panWidth"	: 0,
			"ffreqloMul"	: 0,
			"freqs"	: 0,
			"ffreqRateMul"	: 0
		},
		"trama_fin1"	: {
			"ffreqRateMul"	: 0.69,
			"atk"	: 0.835,
			"ffreqloMul"	: 2.9,
			"amp"	: -6.1630935314894,
			"dcy"	: 0.019,
			"ffreqRateCtr"	: 7.31,
			"panWidth"	: 0.61,
			"modRate"	: 0.1,
			"lag"	: 7.834,
			"amps"	: [ 1.76,  0.2,  0.58,  0.75,  0.72,  1.12,  1.03,  0.21,  1.61,  0.97,  0.43,  0.74,  1.2,  0.26,  0.57,  1.5,  0.83,  0.75,  1.13,  1.09,  0.31,  1.95,  0.56,  1.84,  1.59,  0.23,  1.88,  1.45,  0.71,  0.72 ],
			"panCtr"	: 0.4,
			"topfreq"	: 8130,
			"detune"	: 0.139,
			"ffreqhiMul"	: 1.5,
			"freqs"	: [ 93.58,  110,  116.54,  123.47,  123.47,  125.98,  133.69,  155.56,  191,  233.08,  257.12,  349.23,  413.72,  493.88,  587.33,  587.33,  795.68,  932.33,  1174.66,  1174.66,  1396.91,  1441.95,  2060.03,  2320.15,  2637.02,  2943.06,  2959.96,  4462.17,  6374.87,  7179.82 ]
		},
		"preset1"	: {
			"modRate"	: 1,
			"atk"	: 0.031,
			"freqs"	: [ 93.58,  93.58,  98,  141.88,  207.65,  261.63,  277.18,  311.13,  346.14,  466.16,  493.88,  556.95,  591.07,  622.25,  659.26,  698.46,  932.33,  1009.31,  1046.5,  1174.66,  1723.5,  1941.12,  2060.03,  2489.02,  2637.02,  2959.96,  3729.31,  4462.17,  5025.6,  5919.91 ],
			"ffreqhiMul"	: 2.6,
			"panCtr"	: 0,
			"panWidth"	: 1,
			"topfreq"	: 18000,
			"lag"	: 0.2,
			"amp"	: 0,
			"dcy"	: 0.06,
			"ffreqloMul"	: 2.8,
			"ffreqRateMul"	: 0.5,
			"amps"	: [ 1.57,  1.08,  1.66,  1.75,  0.59,  0.28,  1.98,  1.31,  0.64,  1.01,  0.69,  0.99,  0.32,  1.36,  1.48,  0.72,  1.21,  1.87,  1.34,  0.73,  1.33,  0.1,  1.61,  0.2,  0.45,  0.1,  1.89,  1.15,  1.21,  0.78 ],
			"ffreqRateCtr"	: 8.6,
			"detune"	: 1.006
		},
		"trama1"	: {
			"modRate"	: 2.5,
			"atk"	: 0.036,
			"freqs"	: [ 88.18,  123.47,  146.83,  150.58,  150.58,  202.7,  220,  326.16,  349.23,  389.84,  389.84,  389.84,  392,  554.37,  783.99,  896.15,  987.77,  1108.73,  1941.12,  1975.53,  2060.03,  2462.28,  2793.83,  3961.91,  4204.6,  4462.17,  4698.64,  5025.6,  6006.9,  6006.9 ],
			"lag"	: 2.6,
			"panCtr"	: -0.3,
			"amp"	: -6.1630935314894,
			"panWidth"	: 0.56,
			"topfreq"	: 168,
			"ffreqhiMul"	: 5.4,
			"ffreqRateMul"	: 0.65,
			"ffreqloMul"	: 1.4,
			"dcy"	: 0.693,
			"amps"	: [ 1.57,  1.08,  1.66,  1.75,  0.59,  0.28,  1.98,  1.31,  0.64,  1.01,  0.69,  0.99,  0.32,  1.36,  1.48,  0.72,  1.21,  1.87,  1.34,  0.73,  1.33,  0.1,  1.61,  0.2,  0.45,  0.1,  1.89,  1.15,  1.21,  0.78 ],
			"ffreqRateCtr"	: 2.28,
			"detune"	: -1.948
		}
	}
}