{
	"Bajo"	: {
		"bajo-Lara"	: {
			"amp"	: -0.291784,
			"d"	: 0,
			"lfnoisefreq"	: 0.001,
			"freq"	: 38.94,
			"lag"	: 5
		},
		"bajo-p3"	: {
			"amp"	: -6,
			"d"	: 0,
			"lfnoisefreq"	: 0,
			"freq"	: 43.67,
			"lag"	: 5
		},
		"preset0"	: {
			"amp"	: 0,
			"d"	: 0,
			"lfnoisefreq"	: 0,
			"freq"	: 0,
			"lag"	: 0
		},
		"bajo_cresc6"	: {
			"freq"	: 58.3,
			"lag"	: 5,
			"d"	: 1.4,
			"amp"	: -0.00023099999999981,
			"lfnoisefreq"	: 20
		},
		"bajo_cresc2"	: {
			"amp"	: -0.00023099999999981,
			"d"	: 1.1,
			"lfnoisefreq"	: 20,
			"freq"	: 34.65,
			"lag"	: 5
		},
		"bajo_cresc5"	: {
			"amp"	: -0.00023099999999981,
			"d"	: 1.27,
			"lfnoisefreq"	: 20,
			"freq"	: 50.38,
			"lag"	: 5
		},
		"gran_bajo1"	: {
			"amp"	: 4.3822556061234,
			"d"	: 0,
			"lfnoisefreq"	: 0.001,
			"freq"	: 38.94,
			"lag"	: 5
		},
		"m25"	: {
			"amp"	: -0.412095,
			"d"	: 0,
			"lfnoisefreq"	: 0,
			"freq"	: 43.67,
			"lag"	: 5
		},
		"fin_bols1"	: {
			"amp"	: -3.686482,
			"d"	: 1.91,
			"lfnoisefreq"	: 1.276,
			"freq"	: 20.02,
			"lag"	: 5
		},
		"mes-338"	: {
			"amp"	: -14.585471,
			"d"	: 0.5,
			"lfnoisefreq"	: 0,
			"freq"	: 63.58,
			"lag"	: 5
		},
		"bajo_mes13"	: {
			"amp"	: -0.000231,
			"d"	: 0,
			"lfnoisefreq"	: 0,
			"freq"	: 67.65,
			"lag"	: 5
		},
		"MR1"	: {
			"amp"	: -0.00023099999999981,
			"d"	: 1.1,
			"lfnoisefreq"	: 20,
			"freq"	: 46.2,
			"lag"	: 5
		},
		"cuidad_sueno1"	: {
			"amp"	: -2.316586,
			"d"	: 0.89,
			"lfnoisefreq"	: 4.679,
			"freq"	: 47.63,
			"lag"	: 5
		},
		"bajo_cresc1"	: {
			"amp"	: -6,
			"d"	: 1.61,
			"lfnoisefreq"	: 0,
			"freq"	: 23.1,
			"lag"	: 5
		},
		"bajo_cresc3"	: {
			"amp"	: -0.00023099999999981,
			"d"	: 1.28,
			"lfnoisefreq"	: 20,
			"freq"	: 34.65,
			"lag"	: 5
		},
		"bajo_cresc4"	: {
			"amp"	: -0.00023099999999981,
			"d"	: 1.28,
			"lfnoisefreq"	: 20,
			"freq"	: 41.25,
			"lag"	: 5
		}
	}
}