{
		"Drone_1"	: {
			"drone1"	: {
				"f1"	: 44.4,
				"f2"	: 44.4,
				"f3"	: 52.8,
				"f4"	: 55,
				"f5"	: 171,
				"sin1"	: 120.1,
				"sin2"	: 69.2,
				"sin3"	: 42.3,
				"deltime"	: 7.309,
				"decaytime"	: 24.653,
				"deltime1"	: 0.854,
				"deltime2"	: 1,
				"decaytime2"	: 20,
				"revtime"	: 12.331,
				"room1"	: 10,
				"room2"	: 10,
				"hpf"	: 22.5,
				"amp"	: 2.624653
			},
			"octa1"	: {
				"f1"	: 1860.7,
				"f2"	: 1619.3,
				"f3"	: 1434.8,
				"f4"	: 1789.8,
				"f5"	: 1604.1,
				"sin1"	: 7680.3,
				"sin2"	: 3257.7,
				"sin3"	: 1257.7,
				"deltime"	: 6.122,
				"decaytime"	: 18.702,
				"deltime1"	: 0.856,
				"deltime2"	: 1,
				"decaytime2"	: 5.088,
				"revtime"	: 10,
				"room1"	: 10,
				"room2"	: 10,
				"hpf"	: 55,
				"amp"	: -10.890718647753
			},
			"drone2-interp"	: {
				"f1"	: 519.4,
				"f2"	: 417.5,
				"f3"	: 358.2,
				"f4"	: 409,
				"f5"	: 553.4,
				"sin1"	: 69.4,
				"sin2"	: 73.5,
				"sin3"	: 82.5,
				"deltime"	: 0.179,
				"decaytime"	: 52.701,
				"deltime1"	: 0.86,
				"deltime2"	: 1.028,
				"decaytime2"	: 56.086,
				"revtime"	: 29.3,
				"room1"	: 10.646,
				"room2"	: 15.745,
				"hpf"	: 28.3,
				"amp"	: 1.220004
			},
			"preset0"	: {
				"f1"	: 0,
				"f2"	: 0,
				"f3"	: 0,
				"f4"	: 0,
				"f5"	: 0
			}
		}
	}