{
		"Klanky"	: {
			"preset0"	: {
				"transp"	: 0,
				"amp"	: 0,
				"d"	: 0,
				"shift"	: 0,
				"distor"	: 0,
				"lag"	: 0,
				"width"	: 0,
				"lag_spat"	: 0,
				"dust_freq"	: 0,
				"freqs"	: 0,
				"amps"	: 0,
				"rings"	: 0,
				"pos"	: 0
			},
			"MR1"	: {
				"transp"	: 1.401,
				"amp"	: -25.227414720372,
				"d"	: 0,
				"shift"	: 0,
				"distor"	: 0,
				"lag"	: 0.173,
				"width"	: 0.679,
				"lag_spat"	: 2.17,
				"dust_freq"	: 7.4,
				"freqs"	: [ 99.31,  130.81,  169.59,  191,  202.7,  202.7,  207.65,  261.63,  277.18,  523.25,  1046.5,  1174.66,  1206.39,  1318.51,  1941.12,  2793.83,  2943.06,  3314.68,  3322.44,  5333.46 ],
				"amps"	: [ 1.54,  0.21,  1.02,  1.26,  0.56,  0.07,  1.88,  0.59,  0.31,  0.75,  0.64,  0.72,  1.75,  1.27,  0.39,  1.04,  0.32,  1.74,  1.47,  1.63 ],
				"rings"	: [ 0.193,  0.067,  0.184,  0.121,  0.104,  0.1,  0.133,  0.239,  0.168,  0.002,  0.137,  0.1,  0.155,  0.16,  0.239,  0.032,  0.176,  0.186,  0.021,  0.151 ],
				"pos"	: [ 1.7879843711853,  0.5562732219696,  0.21525716781616,  1.0010046958923,  1.8018338680267,  1.2036950588226,  0.4445526599884,  1.5346169471741,  1.1033937931061,  0.837327003479,  1.1587281227112,  1.974240064621,  1.8868005275726,  0.21800994873047,  1.3853325843811,  1.3680508136749,  0.7166051864624,  1.3102140426636,  0.55889368057251,  0.78628945350647 ]
			}
		}
	}