{
	"Laconicism_11"	: {
		"MR1"	: {
			"amp"	: -5.7326215755845,
			"randHi"	: 0.022965487241745,
			"fbck"	: 1.3726527374868,
			"freq"	: 101.54980555096,
			"spd"	: 9.503787099259
		},
		"preset0"	: {
			"amp"	: 0,
			"randHi"	: 0,
			"fbck"	: 0,
			"spd"	: 0,
			"freq"	: 0
		},
		"MR2"	: {
			"freq"	: 29.019351724498,
			"randHi"	: 0.86126759886742,
			"spd"	: 26.404211478568,
			"amp"	: -5.7326215755845,
			"fbck"	: 1.1386087817842
		}
	}
}