{
	"Laconicism_7"	: {
		"buena"	: {
			"bilFMul"	: 38.286458,
			"delMul"	: 1,
			"amp"	: 0,
			"iFreq"	: 7.366191,
			"fbMul"	: 100
		},
		"MR1"	: {
			"bilFMul"	: 3.5380181499154,
			"delMul"	: 0.97905538082123,
			"amp"	: 0,
			"iFreq"	: 0.51487479440492,
			"fbMul"	: 343.19444044828
		},
		"preset0"	: {
			"bilFMul"	: 0,
			"delMul"	: 0,
			"amp"	: 0,
			"iFreq"	: 0,
			"fbMul"	: 0
		},
		"MR2-gran"	: {
			"bilFMul"	: 30.172879698886,
			"fbMul"	: 293.31825063229,
			"delMul"	: 0.97188594341278,
			"iFreq"	: 10.924932688321,
			"amp"	: -0.95740040233504
		}
	}
}