{
	"Laconicism_15"	: {
		"noisy4"	: {
			"freqMul"	: 0.82903751139816,
			"ampExp"	: 14.216837675012,
			"ampRFreq"	: 19.216523170471,
			"fbMul"	: 78.337662708759,
			"numHarm"	: 2.8988312482834,
			"amp"	: -3.8072849175863,
			"dist"	: 0.40605501705395
		},
		"mes378"	: {
			"freqMul"	: 0.441804,
			"ampExp"	: 9,
			"numHarm"	: 7.04128,
			"ampRFreq"	: 32,
			"fbMul"	: 100,
			"amp"	: -9.599668,
			"dist"	: 1
		},
		"noisy3"	: {
			"freqMul"	: 0.97164395955,
			"ampExp"	: 10.703115884038,
			"ampRFreq"	: 10.903686881065,
			"fbMul"	: 91.713668465614,
			"numHarm"	: 5.5624890327454,
			"amp"	: -4.4580138194708,
			"dist"	: 0.44468338638684
		},
		"bueno"	: {
			"freqMul"	: 0.01,
			"ampExp"	: 1.248189,
			"numHarm"	: 1.537974,
			"ampRFreq"	: 0.5,
			"fbMul"	: 0.1,
			"amp"	: -14.808703,
			"dist"	: 1
		},
		"noisy5"	: {
			"freqMul"	: 0.36800127699727,
			"ampExp"	: 2.7836642582218,
			"ampRFreq"	: 10.520945310593,
			"fbMul"	: 177.88546103239,
			"numHarm"	: 7.1675111055374,
			"amp"	: -6.0154487996797,
			"dist"	: 0.20213311966612
		},
		"preset0"	: {
			"freqMul"	: 0,
			"ampExp"	: 0,
			"numHarm"	: 0,
			"ampRFreq"	: 0,
			"fbMul"	: 0,
			"amp"	: 0,
			"dist"	: 0
		},
		"transision1"	: {
			"freqMul"	: 0.5701059545875,
			"ampExp"	: 29.831374156994,
			"ampRFreq"	: 3.9073785543442,
			"fbMul"	: 53.287823593616,
			"numHarm"	: 2.694208741188,
			"amp"	: -2.2004223221558,
			"dist"	: 0.37594949775533
		},
		"noisy1"	: {
			"freqMul"	: 1,
			"ampExp"	: 9,
			"ampRFreq"	: 16,
			"fbMul"	: 100,
			"numHarm"	: 1,
			"amp"	: 0,
			"dist"	: 1
		},
		"transicion2"	: {
			"freqMul"	: 0.97315314163961,
			"ampExp"	: 8.833152879481,
			"ampRFreq"	: 30.352546989918,
			"fbMul"	: 57.853615689278,
			"numHarm"	: 9.6746147871017,
			"amp"	: -2.2004223221558,
			"dist"	: 0.23508594687665
		},
		"noisy9_bueno"	: {
			"freqMul"	: 0.11906424162441,
			"ampExp"	: 14.216837675012,
			"ampRFreq"	: 19.216523170471,
			"fbMul"	: 78.337662708759,
			"numHarm"	: 2.8988312482834,
			"amp"	: -3.8072849175863,
			"dist"	: 0.40605501705395
		},
		"granul1"	: {
			"ampExp"	: 2.7515718102882,
			"dist"	: 0.14567680168908,
			"ampRFreq"	: 25.442147552967,
			"amp"	: 0,
			"fbMul"	: 120.92316606045,
			"freqMul"	: 0.18386509025799,
			"numHarm"	: 3.1318862438202
		},
		"noisy6"	: {
			"freqMul"	: 0.78755611611765,
			"ampExp"	: 12.049067877546,
			"ampRFreq"	: 28.013432204723,
			"fbMul"	: 152.43763813972,
			"numHarm"	: 1.4996966123581,
			"amp"	: -6.0154487996797,
			"dist"	: 0.93291500065963
		},
		"noisy8_bueno"	: {
			"freqMul"	: 0.25285801310756,
			"ampExp"	: 18.269250870839,
			"ampRFreq"	: 29.402365863323,
			"fbMul"	: 55.970979177952,
			"numHarm"	: 4.0175302028656,
			"amp"	: -6.0154487996797,
			"dist"	: 0.55824456425217
		},
		"noisy7_bueno"	: {
			"freqMul"	: 0.97470555343795,
			"ampExp"	: 1.3461968572924,
			"ampRFreq"	: 29.902010977268,
			"fbMul"	: 97.148919641972,
			"numHarm"	: 5.0726618766785,
			"amp"	: -6.0154487996797,
			"dist"	: 0.52516905120737
		},
		"noisy9"	: {
			"freqMul"	: 0.75443351711473,
			"ampExp"	: 1.2467467150052,
			"ampRFreq"	: 14.839249253273,
			"fbMul"	: 26.45826946497,
			"numHarm"	: 4.5348414182663,
			"amp"	: -6.0154487996797,
			"dist"	: 0.13120624077077
		},
		"noisy2"	: {
			"freqMul"	: 0.035642111759047,
			"ampExp"	: 2.8597018284999,
			"ampRFreq"	: 2.4329564571381,
			"fbMul"	: 37.172757220268,
			"numHarm"	: 2.5906100273132,
			"amp"	: -14.373591990223,
			"dist"	: 0.42143209469057
		}
	}
}