{
	"Laconicism_13"	: {
		"preset0"	: {
			"spd"	: 0,
			"lTime"	: 0,
			"hi"	: 0,
			"sExp"	: 0,
			"amp"	: 0,
			"lo"	: 0
		},
		"MR1"	: {
			"hi"	: 2436.6428836917,
			"spd"	: 43.251985609531,
			"sExp"	: 1.9630068776348,
			"amp"	: -1.0616445529047,
			"lo"	: 611.31628172677,
			"lTime"	: 0.012540383796373
		}
	}
}