{
	"Laconicism_12"	: {
		"MR1"	: {
			"pFreq"	: 83.308949720991,
			"kBeat"	: 7.6757646612337,
			"amp"	: -5.4420897048992,
			"kFreq"	: 142.66575636749
		},
		"preset0"	: {
			"pFreq"	: 0,
			"kBeat"	: 0,
			"amp"	: 0,
			"kFreq"	: 0
		},
		"MR2"	: {
			"amp"	: -5.4420897048992,
			"kBeat"	: 3.4154882787967,
			"kFreq"	: 160.24735465137,
			"pFreq"	: 110.14866109891
		}
	}
}