{
	"Laconicism_5"	: {
		"preset0"	: {
			"pulFMul"	: 0,
			"delMul"	: 0,
			"amp"	: 0,
			"iFreq"	: 0,
			"fbMul"	: 0
		},
		"MR1"	: {
			"delMul"	: 0.88151921033859,
			"fbMul"	: 99.217419159412,
			"pulFMul"	: 9.4875226212914,
			"iFreq"	: 2.9037380814552,
			"amp"	: -2.6856527866139
		}
	}
}