{
		"ParamEq"	: {
			"Tball-MR1"	: {
				"freqlow"	: 100,
				"amplow"	: -9.6432746655329e-16,
				"rqlow"	: 1,
				"freqpeak1"	: 250,
				"amppeak1"	: -9.6432746655329e-16,
				"rqpeak1"	: 1,
				"freqpeak2"	: 631.69038308225,
				"amppeak2"	: 11.596236558924,
				"rqpeak2"	: 1,
				"freqpeak3"	: 3500,
				"amppeak3"	: 10.173458879249,
				"rqpeak3"	: 2.705,
				"freqhi"	: 6000,
				"amphi"	: 1.6889458793735,
				"rqhi"	: 1,
				"amp"	: -9.6432746655329e-16
			},
			"MR-granos1"	: {
				"freqlow"	: 67,
				"amplow"	: -6.2976386316643,
				"rqlow"	: 1,
				"freqpeak1"	: 138,
				"amppeak1"	: 6,
				"rqpeak1"	: 1,
				"freqpeak2"	: 866,
				"amppeak2"	: 10.005767510562,
				"rqpeak2"	: 0.56,
				"freqpeak3"	: 2829,
				"amppeak3"	: -6,
				"rqpeak3"	: 1,
				"freqhi"	: 5302,
				"amphi"	: 5.0548907722102,
				"rqhi"	: 1,
				"amp"	: -9.6432746655329e-16
			},
			"preset0"	: {
				"freqlow"	: 0,
				"amplow"	: 0,
				"rqlow"	: 0,
				"freqpeak1"	: 0,
				"amppeak1"	: 0,
				"rqpeak1"	: 0,
				"freqpeak2"	: 0,
				"amppeak2"	: 0,
				"rqpeak2"	: 0,
				"freqpeak3"	: 0,
				"amppeak3"	: 0,
				"rqpeak3"	: 0,
				"freqhi"	: 0,
				"amphi"	: 0,
				"rqhi"	: 0,
				"amp"	: 0
			},
			"MR-granos2"	: {
				"freqlow"	: 67,
				"amplow"	: -6.2976386316643,
				"rqlow"	: 1,
				"freqpeak1"	: 138,
				"amppeak1"	: 6,
				"rqpeak1"	: 1,
				"freqpeak2"	: 866,
				"amppeak2"	: 10.005767510562,
				"rqpeak2"	: 0.56,
				"freqpeak3"	: 2829,
				"amppeak3"	: -1.5216583803649,
				"rqpeak3"	: 1,
				"freqhi"	: 5302,
				"amphi"	: 0.58633049102198,
				"rqhi"	: 1,
				"amp"	: -9.6432746655329e-16
			}
		}
	}