{
		"Perc_add_30"	: {
			"add-perc3"	: {
				"transp"	: 0.999,
				"amp"	: -20.248358,
				"d"	: 4.3,
				"shift"	: 265.388737,
				"distor"	: -0.271,
				"releaseTime"	: 7.5,
				"lag"	: 1,
				"freqs"	: [ 87.31,  92.5,  92.5,  110,  179.98,  207.65,  289.59,  329.63,  349.23,  349.23,  349.23,  367.34,  367.34,  389.84,  466.16,  587.33,  830.61,  932.33,  1108.73,  1941.12,  2462.28,  2943.06,  3123.35,  3517.73,  3951.07,  4186.01,  4978.03,  5274.04,  5587.65,  5919.91 ],
				"amps"	: [ 0.41,  0.57,  1.24,  1.19,  0.58,  0.89,  1.11,  0.9,  0.67,  1.45,  1.61,  1.44,  1.19,  1.42,  0.53,  1.68,  1.29,  0.32,  0.84,  0.44,  0.56,  1.51,  0.15,  0.51,  1.65,  0.88,  0.9,  1.64,  0.51,  1.22 ]
			},
			"preset0"	: {
				"transp"	: 0,
				"amp"	: 0,
				"d"	: 0,
				"shift"	: 0,
				"distor"	: 0,
				"releaseTime"	: 0,
				"lag"	: 0
			},
			"add_perc1"	: {
				"transp"	: 0.385,
				"amp"	: -17.239811,
				"d"	: 6.9,
				"shift"	: -0.291174,
				"distor"	: -0.237,
				"releaseTime"	: 10,
				"lag"	: 1,
				"freqs"	: [ 170.93,  364.14,  708.28,  1052.41,  1396.55,  1740.69,  2084.83,  2428.97,  2773.1,  3117.24,  3461.38,  3805.52,  4149.66,  4493.79,  4837.93,  5182.07,  5526.21,  5870.34,  6214.48,  6558.62,  6902.76,  7246.9,  7591.03,  7935.17,  8279.31,  8623.45,  8967.59,  9311.72,  9655.86,  10000 ],
				"amps"	: [ 0.41,  0.57,  1.24,  1.19,  0.58,  0.89,  1.11,  0.9,  0.67,  1.45,  1.61,  1.44,  1.19,  1.42,  0.53,  1.68,  1.29,  0.32,  0.84,  0.44,  0.56,  1.51,  0.15,  0.51,  1.65,  0.88,  0.9,  1.64,  0.51,  1.22 ]
			},
			"add-perc4"	: {
				"transp"	: 0.999,
				"amp"	: -20.248358,
				"d"	: 4.3,
				"shift"	: 265.388737,
				"distor"	: -0.271,
				"releaseTime"	: 7.5,
				"lag"	: 1,
				"freqs"	: [ 82.41,  87.31,  105.4,  118.71,  125.98,  133.69,  141.88,  141.88,  155.56,  329.63,  622.25,  627.27,  706.48,  795.68,  951.05,  1046.5,  1661.22,  1661.22,  1941.12,  1941.12,  2320.15,  2462.28,  2943.06,  3123.35,  3520,  4186.01,  5274.04,  5919.91,  6006.9,  7179.82 ],
				"amps"	: [ 0.41,  0.57,  1.24,  1.19,  0.58,  0.89,  1.11,  0.9,  0.67,  1.45,  1.61,  1.44,  1.19,  1.42,  0.53,  1.68,  1.29,  0.32,  0.84,  0.44,  0.56,  1.51,  0.15,  0.51,  1.65,  0.88,  0.9,  1.64,  0.51,  1.22 ]
			},
			"add-perc2"	: {
				"transp"	: 0.681,
				"amp"	: -20.248358,
				"d"	: 4.3,
				"shift"	: -283.182691,
				"distor"	: -0.626,
				"releaseTime"	: 7.5,
				"lag"	: 1,
				"freqs"	: [ 170.93,  364.14,  708.28,  1052.41,  1396.55,  1740.69,  2084.83,  2428.97,  2773.1,  3117.24,  3461.38,  3805.52,  4149.66,  4493.79,  4837.93,  5182.07,  5526.21,  5870.34,  6214.48,  6558.62,  6902.76,  7246.9,  7591.03,  7935.17,  8279.31,  8623.45,  8967.59,  9311.72,  9655.86,  10000 ],
				"amps"	: [ 0.41,  0.57,  1.24,  1.19,  0.58,  0.89,  1.11,  0.9,  0.67,  1.45,  1.61,  1.44,  1.19,  1.42,  0.53,  1.68,  1.29,  0.32,  0.84,  0.44,  0.56,  1.51,  0.15,  0.51,  1.65,  0.88,  0.9,  1.64,  0.51,  1.22 ]
			},
			"add-perc5"	: {
				"transp"	: 0.13,
				"amp"	: -20.248358,
				"d"	: 0,
				"shift"	: -561.447781,
				"distor"	: 0,
				"releaseTime"	: 5.16,
				"lag"	: 1,
				"freqs"	: [ 99.31,  105.4,  116.54,  118.71,  174.61,  242.28,  277.18,  277.18,  367.34,  554.37,  556.95,  591.07,  932.33,  1244.51,  1567.98,  1567.98,  1624.02,  1760,  1760,  1941.12,  2186.23,  2637.02,  3517.73,  3951.07,  4186.01,  4204.6,  4462.17,  5919.91,  6006.9,  6374.87 ],
				"amps"	: [ 0.11,  0.07,  0.81,  1.41,  1.22,  1.35,  1.25,  1.98,  0.96,  0.58,  1.63,  0.61,  1.6,  0.33,  1.87,  0.62,  1.38,  1.9,  0.23,  1.67,  1.04,  1.22,  0.55,  1.98,  1.9,  0.81,  1.66,  0.76,  1.33,  0.8 ]
			}
		}
	}