{
		"Perc_add_30_res"	: {
			"MR3"	: {
				"transp"	: 0.194,
				"d"	: 5.2,
				"shift"	: 0,
				"distor"	: 0.084,
				"releaseFactor"	: 0.13,
				"noise_att"	: 0.001,
				"noise_release"	: 0.17,
				"noise_amp"	: -10.528771120931,
				"lag"	: 1,
				"amp"	: -10.33977328305,
				"freqs"	: [ 20,  364.14,  708.28,  1052.41,  1396.55,  1740.69,  2084.83,  2428.97,  2773.1,  3117.24,  3461.38,  3805.52,  4149.66,  4493.79,  4837.93,  5182.07,  5526.21,  5870.34,  6214.48,  6558.62,  6902.76,  7246.9,  7591.03,  7935.17,  8279.31,  8623.45,  8967.59,  9311.72,  9655.86,  10000 ],
				"amps"	: [ 0.36,  0.95,  1.23,  0.14,  1.22,  0.24,  1.55,  1.66,  1.89,  1.74,  1.87,  1.82,  0.13,  1.77,  1.64,  1.07,  0.45,  1.99,  0.77,  2,  2,  2,  2,  2,  2,  2,  2,  2,  2,  2 ],
				"reson"	: [ 7.3,  6.88,  2.1,  4.49,  1.9,  7.43,  2.59,  8.69,  9.28,  0.9,  4.79,  1.61,  9.09,  6.97,  4.28,  4.56,  4.86,  7.48,  7.54,  7.26,  6.32,  5.78,  5.1,  4.52,  4.07,  3.63,  3.06,  2.6,  2.26,  2.26 ]
			},
			"MR2"	: {
				"transp"	: 0.194,
				"d"	: 5.2,
				"shift"	: 0,
				"distor"	: 0.084,
				"releaseFactor"	: 0.13,
				"noise_att"	: 0.001,
				"noise_release"	: 0.17,
				"noise_amp"	: -10.528771120931,
				"lag"	: 1,
				"amp"	: -10.33977328305,
				"freqs"	: [ 20,  364.14,  708.28,  1052.41,  1396.55,  1740.69,  2084.83,  2428.97,  2773.1,  3117.24,  3461.38,  3805.52,  4149.66,  4493.79,  4837.93,  5182.07,  5526.21,  5870.34,  6214.48,  6558.62,  6902.76,  7246.9,  7591.03,  7935.17,  8279.31,  8623.45,  8967.59,  9311.72,  9655.86,  10000 ],
				"amps"	: [ 0.36,  0.95,  1.23,  0.14,  1.22,  0.24,  1.55,  1.66,  1.89,  1.74,  1.87,  1.82,  0.13,  1.77,  1.64,  1.07,  0.45,  1.99,  0.77,  2,  2,  2,  2,  2,  2,  2,  2,  2,  2,  2 ],
				"reson"	: [ 7.3,  6.88,  2.1,  4.49,  1.9,  7.43,  2.59,  8.69,  9.28,  0.9,  4.79,  1.61,  9.09,  6.97,  4.28,  4.56,  4.86,  7.48,  7.54,  7.26,  6.32,  5.78,  5.1,  4.52,  4.07,  3.63,  3.06,  2.6,  2.26,  2.26 ]
			},
			"preset0"	: {
				"transp"	: 0,
				"d"	: 0,
				"shift"	: 0,
				"distor"	: 0,
				"releaseFactor"	: 0,
				"noise_att"	: 0,
				"noise_release"	: 0,
				"noise_amp"	: 0,
				"lag"	: 0,
				"amp"	: 0
			},
			"MR6"	: {
				"transp"	: 1.635,
				"d"	: 2.6,
				"shift"	: 0,
				"distor"	: 0.084,
				"releaseFactor"	: 0.13,
				"noise_att"	: 0.001,
				"noise_release"	: 0.213,
				"noise_amp"	: -8.0313031068155,
				"lag"	: 0.001,
				"amp"	: -8.2141976244069,
				"freqs"	: [ 93.58,  105.4,  105.4,  179.98,  242.28,  346.14,  349.23,  413.72,  439.07,  591.07,  591.07,  627.27,  659.26,  783.99,  880,  1358.71,  1530.28,  1624.02,  1624.02,  2462.28,  2489.02,  2959.96,  3135.96,  3314.68,  3520,  3951.07,  4978.03,  5274.04,  5919.91,  6006.9 ],
				"amps"	: [ 0.73,  0.48,  1.45,  0.75,  1.07,  1.06,  0.08,  1.38,  1.43,  1.42,  1.82,  1.22,  1.66,  0.31,  0.25,  0.85,  1.55,  1.26,  0.42,  0.06,  1.52,  1.72,  0.54,  0.23,  1.74,  1.75,  1.99,  0.65,  0.19,  0.58 ],
				"reson"	: [ 1.83,  1.67,  1.67,  1.67,  1.55,  1.69,  1.79,  1.79,  1.79,  1.79,  1.79,  1.79,  1.79,  1.79,  1.79,  1.79,  1.79,  1.79,  1.9,  1.9,  1.9,  1.9,  1.9,  1.9,  1.9,  1.9,  1.9,  1.9,  1.79,  1.79 ]
			},
			"MR4-bue"	: {
				"transp"	: 0.152,
				"d"	: 5.2,
				"shift"	: 0,
				"distor"	: 0.084,
				"releaseFactor"	: 0.09,
				"noise_att"	: 0.001,
				"noise_release"	: 0.06,
				"noise_amp"	: -13.889522488345,
				"lag"	: 0.001,
				"amp"	: -16.646123790758,
				"freqs"	: [ 20,  364.14,  708.28,  1052.41,  1396.55,  1740.69,  2084.83,  2428.97,  2773.1,  3117.24,  3461.38,  3805.52,  4149.66,  4493.79,  4837.93,  5182.07,  5526.21,  5870.34,  6214.48,  6558.62,  6902.76,  7246.9,  7591.03,  7935.17,  8279.31,  8623.45,  8967.59,  9311.72,  9655.86,  10000 ],
				"amps"	: [ 0.36,  0.95,  1.23,  0.14,  1.22,  0.24,  1.55,  1.66,  1.89,  1.74,  1.87,  1.82,  0.13,  1.77,  1.64,  1.07,  0.45,  1.99,  0.77,  2,  2,  2,  2,  2,  2,  2,  2,  2,  2,  2 ],
				"reson"	: [ 7.3,  6.88,  2.1,  4.49,  1.9,  7.43,  2.59,  8.69,  9.28,  0.9,  4.79,  1.61,  9.09,  6.97,  4.28,  4.56,  4.86,  7.48,  7.54,  7.26,  6.32,  5.78,  5.1,  4.52,  4.07,  3.63,  3.06,  2.6,  2.26,  2.26 ]
			},
			"MR1"	: {
				"transp"	: 0.258,
				"d"	: 45,
				"shift"	: 0,
				"distor"	: 0,
				"releaseFactor"	: 0.13,
				"noise_att"	: 0.001,
				"noise_release"	: 0.1,
				"noise_amp"	: -21.998311804972,
				"lag"	: 1,
				"amp"	: -22.046551254201,
				"freqs"	: [ 20,  364.14,  708.28,  1052.41,  1396.55,  1740.69,  2084.83,  2428.97,  2773.1,  3117.24,  3461.38,  3805.52,  4149.66,  4493.79,  4837.93,  5182.07,  5526.21,  5870.34,  6214.48,  6558.62,  6902.76,  7246.9,  7591.03,  7935.17,  8279.31,  8623.45,  8967.59,  9311.72,  9655.86,  10000 ],
				"amps"	: [ 0.81,  0.58,  0.45,  1.24,  1.41,  0.63,  0.87,  0.62,  0.62,  1.14,  0.6,  1.33,  1.12,  0.26,  1.14,  0.6,  0.05,  1.88,  1.89,  1.21,  2,  2,  2,  2,  2,  2,  2,  2,  2,  2 ],
				"reson"	: [ 0.09,  9.36,  5.65,  3,  7.83,  0.54,  4.12,  1.63,  9.46,  4.33,  9.96,  4.82,  3.78,  0.77,  2.49,  0,  2.41,  9.47,  0.51,  2.09,  8.71,  2.92,  3.18,  6.75,  9.46,  7.35,  8.94,  1.81,  7.9,  2.68 ]
			},
			"MR7"	: {
				"transp"	: 0.72,
				"d"	: 12.1,
				"shift"	: 0,
				"distor"	: 0.084,
				"releaseFactor"	: 0.12,
				"noise_att"	: 0.001,
				"noise_release"	: 0.06,
				"noise_amp"	: -13.889522488345,
				"lag"	: 0.001,
				"amp"	: -11.369460094399,
				"freqs"	: [ 20,  364.14,  708.28,  1052.41,  1396.55,  1740.69,  2084.83,  2428.97,  2773.1,  3117.24,  3461.38,  3805.52,  4149.66,  4493.79,  4837.93,  5182.07,  5526.21,  5870.34,  6214.48,  6558.62,  6902.76,  7246.9,  7591.03,  7935.17,  8279.31,  8623.45,  8967.59,  9311.72,  9655.86,  10000 ],
				"amps"	: [ 0.59,  0.66,  1.37,  0.52,  1.13,  0.75,  0.63,  1.48,  1.6,  1.54,  1.84,  1.44,  1.09,  0.86,  0.77,  0.93,  1.14,  1.53,  0.55,  0.79,  1.7,  1.82,  1.09,  0.89,  1.84,  1.84,  1.99,  1.16,  0.87,  1.11 ],
				"reson"	: [ 6.3,  6.07,  4.29,  4.67,  4.25,  5.08,  4.77,  5.91,  7.22,  3.67,  2.09,  4.33,  5.51,  3.47,  5.92,  5.81,  5.17,  3.33,  5.65,  4.34,  5.82,  5.67,  4.71,  5.58,  2.71,  3.41,  3.16,  5.35,  3,  2.2 ]
			},
			"MR4_2"	: {
				"transp"	: 0.152,
				"d"	: 5.2,
				"shift"	: 0,
				"distor"	: 0.084,
				"releaseFactor"	: 0.09,
				"noise_att"	: 0.001,
				"noise_release"	: 0.06,
				"noise_amp"	: -13.88952255249,
				"lag"	: 0.001,
				"amp"	: -15.756514549255,
				"freqs"	: [ 20,  364.14,  708.28,  1052.41,  1396.55,  1740.69,  2084.83,  2428.97,  2773.1,  3117.24,  3461.38,  3805.52,  4149.66,  4493.79,  4837.93,  5182.07,  5526.21,  5870.34,  6214.48,  6558.62,  6902.76,  7246.9,  7591.03,  7935.17,  8279.31,  8623.45,  8967.59,  9311.72,  9655.86,  10000 ],
				"amps"	: [ 0.36,  0.95,  1.23,  0.14,  1.22,  0.24,  1.55,  1.66,  1.89,  1.74,  1.87,  1.82,  0.13,  1.77,  1.64,  1.07,  0.45,  1.99,  0.77,  2,  2,  2,  2,  2,  2,  2,  2,  2,  2,  2 ],
				"reson"	: [ 2.26,  2.26,  2.26,  2.26,  2.26,  2.26,  2.26,  2.26,  2.26,  2.26,  2.26,  2.02,  1.91,  1.67,  1.79,  1.79,  1.79,  1.9,  1.9,  1.9,  1.9,  1.9,  1.9,  1.9,  1.9,  1.9,  1.87,  1.8,  1.79,  2.26 ]
			},
			"MR5"	: {
				"transp"	: 0.149,
				"d"	: 4.3,
				"shift"	: 0,
				"distor"	: -0.119,
				"releaseFactor"	: 0.09,
				"noise_att"	: 0.001,
				"noise_release"	: 0.043,
				"noise_amp"	: -19.570181083735,
				"lag"	: 0.001,
				"amp"	: -11.269869416321,
				"freqs"	: [ 20,  364.14,  708.28,  1052.41,  1396.55,  1740.69,  2084.83,  2428.97,  2773.1,  3117.24,  3461.38,  3805.52,  4149.66,  4493.79,  4837.93,  5182.07,  5526.21,  5870.34,  6214.48,  6558.62,  6902.76,  7246.9,  7591.03,  7935.17,  8279.31,  8623.45,  8967.59,  9311.72,  9655.86,  10000 ],
				"amps"	: [ 0.36,  0.95,  1.23,  0.14,  1.22,  0.24,  1.55,  1.66,  1.89,  1.74,  1.87,  1.82,  0.13,  1.77,  1.64,  1.07,  0.45,  1.99,  0.77,  2,  2,  2,  2,  2,  2,  2,  2,  2,  2,  2 ],