{
	"Synth_tw_196"	: {
		"agudo1"	: {
			"amp"	: -7.6990255551402,
			"f4"	: 436.89360646035,
			"f1"	: 24.582728341141,
			"f2"	: 12.061,
			"f3"	: 3804.7659256811
		},
		"MR2"	: {
			"amp"	: -9.9725399125907,
			"f3"	: 2051.7332016656,
			"f1"	: 505.13317602308,
			"f2"	: 4.837,
			"f4"	: 845.75728509745
		},
		"MR3"	: {
			"amp"	: -9.9725399125907,
			"f3"	: 1037.4636115728,
			"f1"	: 778.63570130609,
			"f2"	: 0,
			"f4"	: 4781.9659493409
		},
		"MR4"	: {
			"amp"	: -9.9725399125907,
			"f3"	: 134.06846251754,
			"f1"	: 112.67398291095,
			"f2"	: 7.465,
			"f4"	: 27.506069740717
		},
		"sect2_1"	: {
			"f1"	: 781.32302440201,
			"f3"	: 248.02192771744,
			"f2"	: 14.689,
			"amp"	: -7.6990255551402,
			"f4"	: 1036.4860083681
		},
		"agudo2"	: {
			"amp"	: -7.6990255551402,
			"f3"	: 3376.6151021071,
			"f1"	: 11712.5546976,
			"f2"	: 4.295,
			"f4"	: 69.021640886706
		},
		"rugoso"	: {
			"amp"	: -7.6990255551402,
			"f4"	: 125.93141700944,
			"f1"	: 4075.4298277716,
			"f2"	: 3.691,
			"f3"	: 218.62205839753
		},
		"MR1"	: {
			"amp"	: -7.6990255551402,
			"f3"	: 486.07562198804,
			"f1"	: 22.519652836904,
			"f2"	: 4.59,
			"f4"	: 37.050892527443
		},
		"MR5"	: {
			"amp"	: -7.6990255551402,
			"f4"	: 23.914522162126,
			"f1"	: 3320.7159364379,
			"f2"	: 11.03,
			"f3"	: 1412.4307027457
		},
		"preset0"	: {
			"amp"	: 0,
			"f3"	: 0,
			"f1"	: 0,
			"f2"	: 0,
			"f4"	: 0
		},
		"noise_bueno"	: {
			"amp"	: -7.6990255551402,
			"f3"	: 248.02192771744,
			"f1"	: 9505.5574141234,
			"f2"	: 14.689,
			"f4"	: 1036.4860083681
		}
	}
}