{
		"Synth_tw_TDuty05"	: {
			"MR1"	: {
				"z"	: 17,
				"f1"	: 9,
				"p1"	: 83.25,
				"rq"	: 0.02,
				"gain"	: 43.39,
				"amp"	: 3.4815751358166
			},
			"preset0"	: {
				"z"	: 0,
				"f1"	: 0,
				"p1"	: 0,
				"rq"	: 0,
				"gain"	: 0
			},
			"MR2"	: {
				"z"	: 21,
				"f1"	: 55,
				"p1"	: 65.22,
				"rq"	: 0.06,
				"gain"	: 43.39,
				"amp"	: -1.8635239312177
			}
		}
	}