{
		"TAddic_11_8"	: {
			"D"	: {
				"transp"	: 1,
				"amp"	: -32.287168,
				"d"	: 1.8,
				"shift"	: 0,
				"distor"	: 0,
				"lfnoise_amp"	: 0.001,
				"lag"	: 1,
				"width"	: 2,
				"lag_spat"	: 0.2,
				"freqs"	: [ 105.4,  125.98,  155.56,  191,  311.13,  367.34,  413.72,  415.3,  466.16,  2793.83,  3961.91 ],
				"amps"	: [ 0.99,  0.48,  1.42,  0.83,  1.96,  1.96,  2,  0.82,  0.68,  0.38,  0.66 ],
				"pos"	: [ 0.129964,  0.309299,  0.418137,  0.533082,  0.685131,  0.829784,  1.01466,  1.276165,  1.449811,  1.670146,  1.849214 ]
			},
			"gekipe_medio1"	: {
				"transp"	: 1,
				"amp"	: -4.995766,
				"d"	: 1.8,
				"shift"	: 0,
				"distor"	: 0,
				"lfnoise_amp"	: 0.001,
				"lag"	: 1,
				"width"	: 2,
				"lag_spat"	: 0.2,
				"freqs"	: [ 111.85,  155.56,  191,  207.65,  311.13,  413.72,  415.3,  439.07,  1864.66,  2959.96,  5274.04 ],
				"amps"	: [ 0.21,  0.07,  1.6,  0.38,  1.49,  1.39,  0.27,  0.29,  0.31,  0.61,  1.33 ],
				"pos"	: [ 0.0001,  0.0001,  0.0001,  0.0001,  0.0001,  0.0001,  0.0001,  0.0001,  0.0001,  0.0001,  0.0001 ]
			},
			"F"	: {
				"transp"	: 1,
				"amp"	: -32.287168,
				"d"	: 1.8,
				"shift"	: 0,
				"distor"	: 0,
				"lfnoise_amp"	: 0.001,
				"lag"	: 1,
				"width"	: 2,
				"lag_spat"	: 0.2,
				"freqs"	: [ 99.31,  228.3,  261.63,  329.63,  413.72,  783.99,  795.68,  3951.07,  5919.91,  6006.9,  6765.38 ],
				"amps"	: [ 0.17,  0.85,  0.75,  1.6,  0.32,  0.35,  0.16,  1.25,  1.48,  1.45,  1.19 ],
				"pos"	: [ 0.129964,  0.309299,  0.418137,  0.533082,  0.685131,  0.829784,  1.01466,  1.276165,  1.449811,  1.670146,  1.849214 ]
			},
			"C"	: {
				"transp"	: 1,
				"amp"	: -32.287168,
				"d"	: 1.8,
				"shift"	: 0,
				"distor"	: 0,
				"lfnoise_amp"	: 0.001,
				"lag"	: 1,
				"width"	: 2,
				"lag_spat"	: 0.2,
				"freqs"	: [ 116.54,  367.34,  415.3,  627.27,  880,  1071.14,  1206.39,  1396.91,  1829.08,  3951.07,  5333.46 ],
				"amps"	: [ 0.99,  0.48,  1.42,  0.83,  1.96,  1.96,  2,  0.82,  0.68,  0.38,  0.66 ],
				"pos"	: [ 0.129964,  0.309299,  0.418137,  0.533082,  0.685131,  0.829784,  1.01466,  1.276165,  1.449811,  1.670146,  1.849214 ]
			},
			"H-stable"	: {
				"transp"	: 1,
				"amp"	: -32.287168,
				"d"	: 1.8,
				"shift"	: 0,
				"distor"	: 0,
				"lfnoise_amp"	: 0.001,
				"lag"	: 1,
				"width"	: 2,
				"lag_spat"	: 0.2,
				"freqs"	: [ 138.59,  169.59,  202.7,  202.7,  272.87,  311.13,  367.34,  951.05,  2186.23,  3135.96,  7179.82 ],
				"amps"	: [ 0.17,  0.85,  0.75,  1.6,  0.32,  0.35,  0.16,  1.25,  1.48,  1.45,  1.19 ],
				"pos"	: [ 0.129964,  0.309299,  0.418137,  0.533082,  0.685131,  0.829784,  1.01466,  1.276165,  1.449811,  1.670146,  1.849214 ]
			},
			"bolrapid"	: {
				"transp"	: 2.013,
				"amp"	: -32.287168,
				"d"	: 1.8,
				"shift"	: 0,
				"distor"	: 0,
				"lfnoise_amp"	: 0,
				"lag"	: 1,
				"width"	: 2,
				"lag_spat"	: 0.2,
				"freqs"	: [ 1188.58,  1583.64,  937.18,  1460.85,  1460.85,  937.18,  1086.63,  1963.93,  1963.93,  2451.99,  4771.93 ],
				"amps"	: [ 0.17,  0.85,  0.75,  1.6,  0.83,  0.92,  0.95,  1.25,  1.48,  1.45,  1.19 ],
				"pos"	: [ 0.0001,  0.0001,  0.0001,  0.0001,  0.0001,  0.0001,  0.0001,  0.0001,  0.0001,  0.0001,  0.0001 ]
			},
			"G-grave"	: {
				"transp"	: 1,
				"amp"	: -32.287168,
				"d"	: 1.8,
				"shift"	: 0,
				"distor"	: 0,
				"lfnoise_amp"	: 0.001,
				"lag"	: 1,
				"width"	: 2,
				"lag_spat"	: 0.2,
				"freqs"	: [ 98,  105.4,  123.47,  159.8,  307.33,  440,  494.51,  795.68,  1071.14,  3314.68,  3961.91 ],
				"amps"	: [ 0.17,  0.85,  0.75,  1.6,  0.32,  0.35,  0.16,  1.25,  1.48,  1.45,  1.19 ],
				"pos"	: [ 0.129964,  0.309299,  0.418137,  0.533082,  0.685131,  0.829784,  1.01466,  1.276165,  1.449811,  1.670146,  1.849214 ]
			},
			"I-modif1"	: {
				"transp"	: 1,
				"amp"	: -32.287168,
				"d"	: 4.3,
				"shift"	: 0,
				"distor"	: 0,
				"lfnoise_amp"	: 0,
				"lag"	: 1,
				"width"	: 2,
				"lag_spat"	: 0.2,
				"freqs"	: [ 87.31,  92.5,  138.59,  191,  228.3,  257.12,  518.53,  937.18,  3123.35,  3520,  7179.82 ],
				"amps"	: [ 0.52,  1.15,  1.09,  1.68,  1.93,  0.25,  1.06,  1.53,  0.73,  0.41,  0.49 ],
				"pos"	: [ 0.129964,  0.309299,  0.418137,  0.533082,  0.685131,  0.829784,  1.01466,  1.276165,  1.449811,  1.670146,  1.849214 ]
			},
			"test1"	: {
				"transp"	: 3.175,
				"amp"	: -24.027494,
				"d"	: 12,
				"shift"	: 751.713679,
				"distor"	: -0.034,
				"lfnoise_amp"	: 0.001,
				"lag"	: 1,
				"width"	: 2,
				"lag_spat"	: 0.2,
				"freqs"	: [ 130.81,  130.81,  185,  202.7,  228.3,  242.28,  367.34,  2462.28,  3517.73,  5919.91,  6374.87 ],
				"amps"	: [ 1.54,  0.53,  1.04,  0.06,  0.72,  1.53,  0.33,  0.36,  1.77,  1.42,  0.35 ],
				"pos"	: [ 0.0001,  0.0001,  0.0001,  0.0001,  0.0001,  0.0001,  0.0001,  0.0001,  0.0001,  0.0001,  0.0001 ]
			},
			"H-grave"	: {
				"transp"	: 1,
				"amp"	: -32.287168,
				"d"	: 1.8,
				"shift"	: 0,
				"distor"	: 0,
				"lfnoise_amp"	: 0.001,
				"lag"	: 1,
				"width"	: 2,
				"lag_spat"	: 0.2,
				"freqs"	: [ 92.5,  93.58,  164.81,  257.12,  261.63,  389.84,  556.95,  749.75,  2186.23,  3314.68,  3520 ],
				"amps"	: [ 0.17,  0.85,  0.75,  1.6,  0.32,  0.35,  0.16,  1.25,  1.48,  1.45,  1.19 ],
				"pos"	: [ 0.129964,  0.309299,  0.418137,  0.533082,  0.685131,  0.829784,  1.01466,  1.276165,  1.449811,  1.670146,  1.849214 ]
			},
			"E"	: {
				"transp"	: 1,
				"amp"	: -32.287168,
				"d"	: 1.8,
				"shift"	: 0,
				"distor"	: 0,
				"lfnoise_amp"	: 0.001,
				"lag"	: 1,
				"width"	: 2,
				"lag_spat"	: 0.2,
				"freqs"	: [ 155.56,  272.87,  349.23,  844.42,  951.05,  1479.98,  1624.02,  2462.28,  3729.31,  4698.64,  6006.9 ],
				"amps"	: [ 0.99,  0.48,  1.42,  0.83,  1.96,  1.96,  2,  0.82,  0.68,  0.38,  0.66 ],
				"pos"	: [ 0.129964,  0.309299,  0.418137,  0.533082,  0.685131,  0.829784,  1.01466,  1.276165,  1.449811,  1.670146,  1.849214 ]
			},
			"F2"	: {
				"transp"	: 1,
				"amp"	: -18.951962,
				"d"	: 1.8,
				"shift"	: 0,
				"distor"	: 0,
				"lfnoise_amp"	: 0.001,
				"lag"	: 1,
				"width"	: 2,
				"lag_spat"	: 0.2,
				"freqs"	: [ 133.69,  326.16,  493.88,  523.25,  932.33,  1071.14,  2613.11,  3314.68,  3322.44,  4204.6,  6006.9 ],
				"amps"	: [ 0.17,  0.85,  0.75,  1.6,  0.32,  0.35,  0.16,  1.25,  1.48,  1.45,  1.19 ],
				"pos"	: [ 0.129964,  0.309299,  0.418137,  0.533082,  0.685131,  0.829784,  1.01466,  1.276165,  1.449811,  1.670146,  1.849214 ]
			},
			"mes29"	: {
				"transp"	: 3.496,
				"amp"	: -24.773535,
				"d"	: 6.9,
				"shift"	: 0,
				"distor"	: 0,
				"lfnoise_amp"	: 0.001,
				"lag"	: 1,
				"width"	: 2,
				"lag_spat"	: 0.2,
				"freqs"	: [ 0.484768,  0.979796,  0.943398,  0.406202,  0.891628,  0.992472,  0.324037,  0.223607,  0.764853,  0.681909,  0.953939 ],
				"amps"	: [ 0.005065,  0.948674,  0.871578,  0.431138,  0.30418,  0.961187,  0.401237,  0.622527,  0.756293,  0.934246,  0.493236 ],
				"pos"	: [ 0.357967,  0.376552,  0.385848,  0.430073,  0.469498,  0.516177,  0.65968,  0.701864,  0.748337,  0.757632,  0.927554 ]
			},
			"B"	: {
				"transp"	: 1,
				"amp"	: -32.287168,
				"d"	: 1.8,
				"shift"	: 0,
				"distor"	: 0,
				"lfnoise_amp"	: 0.001,
				"lag"	: 1,
				"width"	: 2,
				"lag_spat"	: 0.2,
				"freqs"	: [ 155.56,  159.8,  228.3,  272.87,  987.77,  1009.31,  1071.14,  2060.03,  2320.15,  3729.31,  3961.91 ],
				"amps"	: [ 0.99,  0.48,  1.42,  0.83,  1.96,  1.96,  2,  0.82,  0.68,  0.38,  0.66 ],
				"pos"	: [ 0.129964,  0.309299,  0.418137,  0.533082,  0.685131,  0.829784,  1.01466,  1.276165,  1.449811,  1.670146,  1.849214 ]
			},
			"G"	: {
				"transp"	: 1,
				"amp"	: -18.356895,
				"d"	: 2.6,
				"shift"	: 0,
				"distor"	: 0,
				"lfnoise_amp"	: 0.001,
				"lag"	: 1,
				"width"	: 2,
				"lag_spat"	: 0.2,
				"freqs"	: [ 98,  118.71,  215.12,  465.96,  465.96,  591.07,  1358.71,  1723.5,  2060.03,  2637.02,  4978.03 ],
				"amps"	: [ 1.85,  0.39,  0.06,  0.2,  1.14,  1.98,  0.33,  0.32,  0.37,  1.22,  0.1 ],