{
	"TAddic_5_8"	: {
		"add_corta"	: {
			"distor"	: 0,
			"shift"	: 539.447983,
			"d"	: 7.7,
			"freqs"	: [647.39, 1170.07, 1102.83, 2093, 3314.68],
			"width"	: 2,
			"lag_spat"	: 0.2,
			"amps"	: [1.89, 0.6, 0.72, 0.84, 0.5],
			"pos"	: [0.0001, 0.0001, 0.0001, 0.0001, 0.0001],
			"transp"	: 2.463,
			"lfnoise_amp"	: 0.001,
			"lag"	: 1,
			"amp"	: -9.421032
		},
		"MR-rit3"	: {
			"distor"	: 0,
			"shift"	: 540.15972900391,
			"d"	: 5.2,
			"freqs"	: [272.87, 587.33, 987.77, 4186.01, 6374.87],
			"width"	: 2,
			"lag_spat"	: 0.2,
			"amps"	: [1.84, 1.84, 1.84, 1.84, 1.84],
			"pos"	: [0.0001, 0.0001, 0.0001, 0.0001, 0.0001],
			"transp"	: 5,
			"lfnoise_amp"	: 0.001,
			"lag"	: 1,
			"amp"	: -21.980697631836
		},
		"test2"	: {
			"distor"	: 0,
			"shift"	: 0,
			"d"	: 5.2,
			"freqs"	: [5184.18, 4431.63, 3822.1, 3549.54, 2640.28],
			"width"	: 2,
			"lag_spat"	: 0.2,
			"amps"	: [0.64, 1.01, 0.98, 0.99, 1.25],
			"pos"	: [0.0001, 0.0001, 0.0001, 0.0001, 0.0001],
			"transp"	: 0.826,
			"lfnoise_amp"	: 0.001,
			"lag"	: 1,
			"amp"	: -21.980697
		},
		"final5"	: {
			"distor"	: -0.253,
			"shift"	: 1015.6789000101,
			"d"	: 6.9,
			"freqs"	: [1259.92, 1573.02, 2277.13, 3729.31, 3733.22],
			"lag_spat"	: 0.2,
			"width"	: 2,
			"amps"	: [1.55, 1.35, 1.27, 1.51, 0.83],
			"pos"	: [0.0001, 0.0001, 0.0001, 0.0001, 0.0001],
			"transp"	: 4.595,
			"lag"	: 0.001,
			"lfnoise_amp"	: 0,
			"amp"	: -1.7419184998484
		},
		"preset0"	: {
			"distor"	: 0,
			"shift"	: 0,
			"d"	: 0,
			"freqs"	: 0,
			"width"	: 0,
			"lag_spat"	: 0,
			"amps"	: 0,
			"pos"	: 0,
			"transp"	: 0,
			"lfnoise_amp"	: 0,
			"lag"	: 0,
			"amp"	: 0
		},
		"synth4-agudo"	: {
			"distor"	: 0,
			"shift"	: 1200,
			"d"	: 19.6,
			"freqs"	: [2114.74, 1963.93, 2451.99, 3729.31, 3733.22],
			"width"	: 2,
			"lag_spat"	: 0.2,
			"amps"	: [1.39, 0.99, 1.81, 1.72, 2],
			"pos"	: [0.0001, 0.0001, 0.0001, 0.0001, 0.0001],
			"transp"	: 5,
			"lfnoise_amp"	: 0,
			"lag"	: 0.245,
			"amp"	: -6.3358340263367
		},
		"MR-rit2"	: {
			"distor"	: 0,
			"shift"	: 540.15972900391,
			"d"	: 5.2,
			"freqs"	: [93.58, 293.66, 783.99, 1136.75, 4204.6],
			"width"	: 2,
			"lag_spat"	: 0.2,
			"amps"	: [1.84, 1.84, 1.84, 1.84, 1.84],
			"pos"	: [0.0001, 0.0001, 0.0001, 0.0001, 0.0001],
			"transp"	: 5,
			"lfnoise_amp"	: 0.001,
			"lag"	: 1,
			"amp"	: -21.980697631836
		},
		"MR-3-agudo"	: {
			"distor"	: 0,
			"shift"	: 1200,
			"d"	: 6.9,
			"freqs"	: [2640.28, 2640.28, 2451.99, 3729.31, 3733.22],
			"width"	: 2,
			"lag_spat"	: 0.2,
			"amps"	: [0.99, 0.57, 1.81, 1.15, 0.55],
			"pos"	: [0.0001, 0.0001, 0.0001, 0.0001, 0.0001],
			"transp"	: 5,
			"lfnoise_amp"	: 0,
			"lag"	: 5.894,
			"amp"	: -3.025638130271
		},
		"test3"	: {
			"distor"	: 0,
			"shift"	: 0,
			"d"	: 5.2,
			"freqs"	: [5184.18, 4431.63, 3822.1, 3549.54, 2640.28],
			"width"	: 2,
			"lag_spat"	: 0.2,
			"amps"	: [0.64, 1.01, 0.98, 0.99, 1.25],
			"pos"	: [0.0001, 0.0001, 0.0001, 0.0001, 0.0001],
			"transp"	: 0.723,
			"lfnoise_amp"	: 0.001,
			"lag"	: 1,
			"amp"	: -21.980697
		},
		"interact_bol1"	: {
			"distor"	: 0,
			"shift"	: 0,
			"d"	: 0,
			"freqs"	: [159.8, 346.14, 587.33, 1760, 3951.07],
			"width"	: 2,
			"lag_spat"	: 0.2,
			"amps"	: [1.01, 1.24, 1.97, 1.38, 1.6],
			"pos"	: [ 0.0001,  0.0001,  0.0001,  0.0001,  0.0001,  0.0001,  0.0001,  0.0001,  0.0001,  0.0001,  0.0001,  0.0001,  0.0001,  0.0001,  0.0001,  0.0001,  0.0001,  0.0001,  0.0001,  0.0001,  0.0001,  0.0001,  0.0001,  0.0001,  0.0001,  0.0001,  0.0001,  0.0001,  0.0001,  0.0001,  0.0001,  0.0001 ],
			"transp"	: 1,
			"lfnoise_amp"	: 0.001,
			"lag"	: 1,
			"amp"	: -20.978447
		},
		"synth3-agudo"	: {
			"distor"	: 0,
			"shift"	: 1200,
			"d"	: 6.9,
			"freqs"	: [2277.13, 1693.81, 2451.99, 3729.31, 3733.22],
			"width"	: 2,
			"lag_spat"	: 0.2,
			"amps"	: [0.99, 0.06, 1.81, 1.72, 2],
			"pos"	: [0.0001, 0.0001, 0.0001, 0.0001, 0.0001],
			"transp"	: 5,
			"lfnoise_amp"	: 0,
			"lag"	: 5.894,
			"amp"	: -6.3358340263367
		},
		"MR-rit4"	: {
			"distor"	: 0,
			"shift"	: 540.15972900391,
			"d"	: 5.2,
			"freqs"	: [105.4, 125.98, 880, 896.15, 1244.51],
			"width"	: 2,
			"lag_spat"	: 0.2,
			"amps"	: [1.84, 1.84, 1.84, 1.84, 1.84],
			"pos"	: [0.0001, 0.0001, 0.0001, 0.0001, 0.0001],
			"transp"	: 5,
			"lfnoise_amp"	: 0.001,
			"lag"	: 1,
			"amp"	: -21.980697631836
		},
		"final1"	: {
			"distor"	: 0,
			"shift"	: 1158.5481751087,
			"d"	: 6.9,
			"freqs"	: [1963.93, 2640.28, 1823.88, 3729.31, 3733.22],
			"lag_spat"	: 0.2,
			"width"	: 2,
			"amps"	: [1.2, 1.13, 1.81, 1.51, 0.55],
			"pos"	: [0.0001, 0.0001, 0.0001, 0.0001, 0.0001],
			"transp"	: 5,
			"lag"	: 5.894,
			"lfnoise_amp"	: 0,
			"amp"	: -1.7419184998484
		},
		"karate-test"	: {
			"distor"	: 0,
			"shift"	: 0,
			"d"	: 0,
			"freqs"	: [228.3, 523.25, 659.26, 1318.51, 3951.07],
			"width"	: 2,
			"lag_spat"	: 0.2,
			"amps"	: [1.01, 1.24, 1.97, 1.38, 1.6],
			"pos"	: [0.0001, 0.0001, 0.0001, 0.0001, 0.0001],
			"transp"	: 1.423,
			"lfnoise_amp"	: 0.001,
			"lag"	: 1,
			"amp"	: -20.978446960449
		},
		"interact_bol2"	: {
			"distor"	: 0,
			"shift"	: 0,
			"d"	: 0,
			"freqs"	: [170.93, 385.7, 587.33, 1460.85, 1823.88],
			"width"	: 2,
			"lag_spat"	: 0.2,
			"amps"	: [1.01, 1.24, 1.97, 1.38, 1.6],
			"pos"	: [ 0.0001,  0.0001,  0.0001,  0.0001,  0.0001,  0.0001,  0.0001,  0.0001,  0.0001,  0.0001,  0.0001,  0.0001,  0.0001,  0.0001,  0.0001,  0.0001,  0.0001,  0.0001,  0.0001,  0.0001,  0.0001,  0.0001,  0.0001,  0.0001,  0.0001,  0.0001,  0.0001,  0.0001,  0.0001,  0.0001,  0.0001,  0.0001 ],
			"transp"	: 1,
			"lfnoise_amp"	: 0.001,
			"lag"	: 1,
			"amp"	: -20.978447
		},
		"synth2-agudo"	: {
			"distor"	: 0,
			"shift"	: 1200,
			"d"	: 6.9,
			"freqs"	: [2114.74, 2843.02, 3549.54, 3729.31, 3733.22],
			"width"	: 2,
			"lag_spat"	: 0.2,
			"amps"	: [0.99, 0.89, 1.81, 1.15, 0.55],
			"pos"	: [0.0001, 0.0001, 0.0001, 0.0001, 0.0001],
			"transp"	: 5,
			"lfnoise_amp"	: 0,
			"lag"	: 5.894,
			"amp"	: -6.3358339722492
		},
		"curve2"	: {
			"distor"	: 0,
			"shift"	: 0,
			"d"	: 6.9,
			"freqs"	: [169.59, 233.08, 311.13, 627.27, 2217.46],
			"lag_spat"	: 0.2,
			"width"	: 2,
			"amps"	: [0.77, 1.31, 1.68, 1.64, 2],
			"pos"	: [0.0001, 0.0001, 0.0001, 0.0001, 0.0001],
			"transp"	: 0.596,
			"lag"	: 0.001,
			"lfnoise_amp"	: 0,
			"amp"	: -9.4056586225115
		},
		"final6"	: {
			"distor"	: -0.253,
			"shift"	: 1138.5218885856,
			"d"	: 6.9,
			"freqs"	: [2114.74, 1823.88, 1573.02, 3729.31, 3733.22],
			"lag_spat"	: 0.2,
			"width"	: 2,
			"amps"	: [1.55, 1.35, 1.27, 1.51, 0.83],
			"pos"	: [0.0001, 0.0001, 0.0001, 0.0001, 0.0001],
			"transp"	: 4.765,
			"lag"	: 0.001,
			"lfnoise_amp"	: 0,
			"amp"	: -1.7419184998484
		},
		"init2"	: {
			"distor"	: 0,
			"shift"	: 540.159741,
			"d"	: 5.2,
			"freqs"	: [1460.85, 2322.5, 2640.28, 3549.54, 3822.1],
			"width"	: 2,
			"lag_spat"	: 0.2,
			"amps"	: [0.64, 1.01, 0.98, 0.99, 1.25],
			"pos"	: [0.0001, 0.0001, 0.0001, 0.0001, 0.0001],
			"transp"	: 0.744,
			"lfnoise_amp"	: 0.001,
			"lag"	: 1,
			"amp"	: -21.980697
		},
		"curve1"	: {
			"distor"	: 0,
			"shift"	: -32.482054392882,
			"d"	: 0,
			"freqs"	: [308.93, 481.55, 1086.63, 2060.03, 3729.31],
			"lag_spat"	: 0.2,
			"width"	: 2,
			"amps"	: [1.39, 1.02, 1.39, 1.72, 2],
			"pos"	: [0.0001, 0.0001, 0.0001, 0.0001, 0.0001],
			"transp"	: 1.36,
			"lag"	: 0.001,
			"lfnoise_amp"	: 0,
			"amp"	: -6.3239148384367
		},
		"karate_fin_Z2_2"	: {
			"distor"	: 0,
			"shift"	: 0,
			"d"	: 0,
			"freqs"	: [494.51, 1829.08, 2060.03, 2637.02, 2943.06],
			"width"	: 2,
			"lag_spat"	: 0.2,
			"amps"	: [1.01, 1.24, 1.97, 1.38, 1.6],
			"pos"	: [ 0.0001,  0.0001,  0.0001,  0.0001,  0.0001,  0.0001,  0.0001,  0.0001,  0.0001,  0.0001,  0.0001,  0.0001,  0.0001,  0.0001,  0.0001,  0.0001,  0.0001,  0.0001,  0.0001,  0.0001,  0.0001,  0.0001,  0.0001,  0.0001,  0.0001,  0.0001,  0.0001,  0.0001,  0.0001,  0.0001,  0.0001,  0.0001 ],
			"transp"	: 1.423,
			"lfnoise_amp"	: 0.001,
			"lag"	: 1,