{
		"TAddic_20_8_mod"	: {
			"piano-11"	: {
				"transp"	: 0.468,
				"amp"	: -9.770277,
				"d"	: 7.7,
				"shift"	: -519.454049,
				"distor"	: 0.067,
				"lfnoise_amp"	: 0.684,
				"ampmod"	: 0.001,
				"lag"	: 1,
				"width"	: 2,
				"lag_spat"	: 0.2,
				"freqs"	: [ 415.32,  447.21,  447.21,  447.21,  447.21,  518.53,  431.77,  308.93,  308.93,  308.93,  385.7,  415.32,  481.55,  518.53,  518.53,  647.39,  647.39,  647.39,  651,  870.34 ],
				"amps"	: [ 0.88,  0.77,  0.59,  1.46,  1.98,  1.7,  0.29,  0.72,  0.72,  0.75,  0.9,  1.93,  1.4,  1.56,  0.18,  1.87,  1.03,  0.78,  0.4,  1.38 ],
				"pos"	: [ 0.335306,  1.416955,  0.831132,  1.591495,  0.755153,  0.873245,  1.161159,  1.449364,  1.574079,  1.80351,  0.431383,  0.712407,  0.166026,  1.668938,  1.503225,  0.552247,  0.59467,  1.011915,  1.876363,  0.202883 ]
			},
			"piano-15"	: {
				"transp"	: 0.851,
				"amp"	: -5.86255,
				"d"	: 7.7,
				"shift"	: -519.454049,
				"distor"	: 1.49,
				"lfnoise_amp"	: 1.366,
				"ampmod"	: 0,
				"lag"	: 1,
				"width"	: 2,
				"lag_spat"	: 0.2,
				"freqs"	: [ 415.32,  447.21,  447.21,  447.21,  447.21,  518.53,  431.77,  308.93,  308.93,  308.93,  385.7,  415.32,  481.55,  518.53,  518.53,  647.39,  647.39,  647.39,  651,  870.34 ],
				"amps"	: [ 1.35,  1.31,  1.31,  1.38,  1.56,  1.92,  0.6,  0.19,  0.57,  0.72,  0.5,  0.77,  1.63,  0.49,  1.47,  1.8,  1.59,  1.59,  1.68,  1.72 ],
				"pos"	: [ 1.761917,  1.738108,  1.666683,  1.523833,  1.547642,  1.523833,  1.476217,  1.476217,  1.574079,  1.80351,  0.431383,  0.712407,  0.166026,  1.668938,  1.503225,  0.552247,  0.59467,  1.011915,  1.876363,  0.202883 ]
			},
			"preset-test1"	: {
				"transp"	: 0.744,
				"amp"	: -10.352991,
				"d"	: 9.4,
				"shift"	: 0,
				"distor"	: 0,
				"lfnoise_amp"	: 0.347,
				"ampmod"	: 0,
				"lag"	: 0.001,
				"width"	: 2.07,
				"lag_spat"	: 0.2,
				"freqs"	: [ 196,  635.53,  2172.89,  2640.28,  2950.16,  1434.08,  620.2,  289.57,  140.94,  57.4,  77.16,  208.21,  1190.15,  1458.15,  1823.88,  547.93,  358.2,  124.35,  23.78,  23.19 ],
				"amps"	: [ 1.97,  1.81,  1.81,  1.8,  1.65,  1.46,  1.24,  1.02,  0.82,  0.67,  0.57,  0.5,  0.48,  0.48,  0.42,  0.34,  0.21,  0.12,  0.05,  0.01 ],
				"pos"	: [ 1.4286000340581,  1.1996432197988,  1.1229605526209,  1.0548091485023,  0.98386034025848,  0.88270898452401,  0.76105102048516,  0.60765880577862,  0.40246076464951,  0.17092485226169,  0.0001,  0.0001,  0.0001,  0.068634098956361,  0.24199268502966,  0.50081900757849,  0.79053608313799,  0.97669943867028,  1.204325764972,  1.575021536088 ]
			},
			"piano-12"	: {
				"transp"	: 0.851,
				"amp"	: -5.86255,
				"d"	: 7.7,
				"shift"	: -519.454049,
				"distor"	: 0.067,
				"lfnoise_amp"	: 0.684,
				"ampmod"	: 0.001,
				"lag"	: 1,
				"width"	: 2,
				"lag_spat"	: 0.2,
				"freqs"	: [ 415.32,  447.21,  447.21,  447.21,  447.21,  518.53,  431.77,  308.93,  308.93,  308.93,  385.7,  415.32,  481.55,  518.53,  518.53,  647.39,  647.39,  647.39,  651,  870.34 ],
				"amps"	: [ 1.35,  1.31,  1.31,  1.38,  1.56,  1.92,  0.6,  0.19,  0.57,  0.72,  0.5,  0.77,  1.63,  0.49,  1.47,  1.8,  1.59,  1.59,  1.68,  1.72 ],
				"pos"	: [ 1.761917,  1.738108,  1.666683,  1.523833,  1.547642,  1.523833,  1.476217,  1.476217,  1.574079,  1.80351,  0.431383,  0.712407,  0.166026,  1.668938,  1.503225,  0.552247,  0.59467,  1.011915,  1.876363,  0.202883 ]
			},
			"add_grelot_metal"	: {
				"transp"	: 5,
				"amp"	: -18.334996,
				"d"	: 10.3,
				"shift"	: 906.974017,
				"distor"	: 0,
				"lfnoise_amp"	: 1.193,
				"ampmod"	: 0,
				"lag"	: 1,
				"width"	: 2,
				"lag_spat"	: 0.2,
				"freqs"	: [ 105.4,  179.98,  233.08,  233.08,  246.94,  307.33,  465.96,  591.07,  880,  951.05,  1318.51,  1624.02,  1941.12,  2943.06,  2959.96,  2959.96,  3951.07,  4698.64,  5587.65,  7179.82 ],
				"amps"	: [ 1.4,  1.88,  0.52,  0.01,  0.29,  1.99,  0.23,  0.09,  1.02,  0.12,  0.36,  0.97,  1.51,  0.66,  0.34,  0.85,  0.41,  1.66,  0.15,  0.06 ],
				"pos"	: [ 0.0001,  0.0001,  0.0001,  0.0001,  0.0001,  0.0001,  0.0001,  0.0001,  0.0001,  0.0001,  0.0001,  0.0001,  0.0001,  0.0001,  0.0001,  0.0001,  0.0001,  0.0001,  0.0001,  0.0001,  0.0001,  0.0001,  0.0001,  0.0001,  0.0001,  0.0001,  0.0001,  0.0001,  0.0001,  0.0001,  0.0001,  0.0001 ]
			},
			"MR-t1"	: {
				"transp"	: 0.744,
				"amp"	: -8.209947,
				"d"	: 12,
				"shift"	: 0,
				"distor"	: 0,
				"lfnoise_amp"	: 0.345,
				"ampmod"	: 0,
				"lag"	: 10,
				"width"	: 2.07,
				"lag_spat"	: 0.2,
				"freqs"	: [ 207.65,  261.63,  277.18,  289.59,  307.33,  415.3,  440,  523.25,  627.27,  739.99,  987.77,  1108.73,  1206.39,  1206.39,  1358.71,  1567.98,  3517.73,  3729.31,  3961.91,  5274.04 ],
				"amps"	: [ 2,  2,  2,  2,  2,  2,  1.68,  1.29,  0.95,  0.86,  0.86,  0.89,  0.89,  1.02,  1.09,  1.13,  1.16,  1.43,  1.43,  1.47 ],
				"pos"	: [ 1.666683,  1.7143,  1.404792,  1.309558,  1.047667,  0.952433,  0.815833,  0.692446,  0.452458,  0.543228,  0.595308,  0.620307,  0.698875,  0.761967,  0.785775,  0.785775,  0.928625,  0.958624,  1.01374,  1.166708 ]
			},
			"piano-5"	: {
				"transp"	: 0.744,
				"amp"	: -8.209947,
				"d"	: 9.4,
				"shift"	: 0,
				"distor"	: 0,
				"lfnoise_amp"	: 0.347,
				"ampmod"	: 0,
				"lag"	: 0.001,
				"width"	: 2.07,
				"lag_spat"	: 0.2,
				"freqs"	: [ 98,  111.85,  133.69,  174.61,  191,  220,  257.12,  272.87,  494.51,  556.95,  622.25,  739.99,  749.75,  749.75,  783.99,  880,  932.33,  987.77,  1941.12,  2462.28 ],
				"amps"	: [ 1.97,  1.14,  1.98,  0.05,  0.93,  1.85,  1.86,  1.81,  0.3,  1.56,  1.32,  1.4,  1.45,  1.92,  0.15,  0.44,  0.51,  1.15,  1.25,  1.13 ],
				"pos"	: [ 1.666683,  1.7143,  1.404792,  1.309558,  1.047667,  0.952433,  0.815833,  0.692446,  0.452458,  0.543228,  0.595308,  0.620307,  0.698875,  0.761967,  0.785775,  0.785775,  0.928625,  0.958624,  1.01374,  1.166708 ]
			},
			"piano-2"	: {
				"transp"	: 1,
				"amp"	: -19.92107,
				"d"	: 9.4,
				"shift"	: 0,
				"distor"	: 0,
				"lfnoise_amp"	: 0.689,
				"ampmod"	: 0,
				"lag"	: 0.001,
				"width"	: 2,
				"lag_spat"	: 0.2,
				"freqs"	: [ 93.58,  93.58,  111.85,  155.56,  174.61,  174.61,  191,  228.3,  349.23,  367.34,  706.48,  739.99,  739.99,  1046.5,  1071.14,  1136.75,  1280.29,  1396.91,  3729.31,  5919.91 ],
				"amps"	: [ 2,  2,  2,  2,  0.72,  1.53,  1.67,  0.83,  1.41,  1.59,  1.59,  0.26,  0.31,  0.01,  0.87,  0.65,  0.04,  1.85,  1.97,  0.18 ],
				"pos"	: [ 1.666683,  1.7143,  1.404792,  1.309558,  1.047667,  0.952433,  0.815833,  0.692446,  0.452458,  0.543228,  0.595308,  0.620307,  0.698875,  0.761967,  0.785775,  0.785775,  0.928625,  0.958624,  1.01374,  1.166708 ]
			},
			"add_fine_cclaire1"	: {
				"transp"	: 4.245,
				"amp"	: -24.801126,
				"d"	: 6.9,
				"shift"	: 0,
				"distor"	: 0,
				"lfnoise_amp"	: 3.91,
				"ampmod"	: 0.001,
				"lag"	: 1,
				"width"	: 2,
				"lag_spat"	: 0.2,
				"freqs"	: [ 870.34,  870.34,  870.34,  870.34,  870.34,  870.34,  937.18,  1009.14,  1082.62,  1356.67,  1356.67,  1460.85,  1578.85,  1885.62,  1963.93,  1693.81,  2349.32,  2462.28,  2793.83,  3961.91 ],
				"amps"	: [ 1.35,  0.33,  0.91,  1.37,  0.17,  0.78,  0.31,  1.39,  0.18,  0.78,  0.9,  1.99,  0.25,  1.18,  1.23,  0.71,  1.98,  0.45,  1.01,  1.45 ],
				"pos"	: [ 0.0001,  0.0001,  0.0001,  0.0001,  0.0001,  0.0001,  0.0001,  0.0001,  0.0001,  0.0001,  0.0001,  0.0001,  0.0001,  0.0001,  0.0001,  0.0001,  0.0001,  0.0001,  0.0001,  0.0001,  0.0001,  0.0001,  0.0001,  0.0001,  0.0001,  0.0001,  0.0001,  0.0001,  0.0001,  0.0001,  0.0001,  0.0001 ]
			},
			"piano-6"	: {
				"transp"	: 0.385,
				"amp"	: -8.209947,
				"d"	: 6.9,
				"shift"	: 0,
				"distor"	: 0,
				"lfnoise_amp"	: 0.347,
				"ampmod"	: 0,
				"lag"	: 0.001,
				"width"	: 2.07,
				"lag_spat"	: 0.2,
				"freqs"	: [ 98,  111.85,  133.69,  174.61,  191,  220,  257.12,  272.87,  494.51,  556.95,  622.25,  739.99,  749.75,  749.75,  783.99,  880,  932.33,  987.77,  1941.12,  2462.28 ],