{
	"TAnalog_blipfml"	: {
		"preset1"	: {
			"topfreq"	: 18000,
			"ffreqhiMul"	: 25,
			"modRate"	: 0.6,
			"panCtr"	: 0,
			"detune"	: 0.997,
			"amp"	: -9.794704,
			"ffreqRateCtr"	: 0.53,
			"atk"	: 0.016,
			"dcy"	: 0.039,
			"panWidth"	: 0.77,
			"amps"	: [ 0.25,  0.214286,  0.214286,  0.247321,  0.261905,  0.27381,  0.27381,  0.27381,  0.27381,  0.27381,  0.27381,  0.3625,  0.429121,  0.469107,  0.488095,  0.488095,  0.488095,  0.511905,  0.536905,  0.612302 ],
			"ffreqloMul"	: 0.9,
			"freqs"	: [ 0.083333,  0.112222,  0.167224,  0.222225,  0.277227,  0.951315,  0.851469,  0.977241,  0.689202,  0.707107,  0.583095,  0.74162,  0.636396,  0.3937,  0.738241,  0.519615,  0.158114,  0.902774,  0.504975,  0.703562 ],
			"ffreqRateMul"	: 0.35
		},
		"MR-fin1"	: {
			"topfreq"	: 18000,
			"ffreqhiMul"	: 16.3,
			"modRate"	: 1,
			"panCtr"	: 0,
			"detune"	: 1.006,
			"amp"	: -10.307973037521,
			"ffreqRateCtr"	: 1,
			"atk"	: 0.02,
			"dcy"	: 0.026,
			"panWidth"	: 1,
			"amps"	: [ 0.37,  1.6,  1.6,  1.54,  0.62,  0.85,  1.53,  1.3,  1.5,  0.09,  0.24,  1.28,  1.05,  0.43,  1.88,  1.54,  1.09,  0.18,  0.29,  1.31 ],
			"ffreqloMul"	: 2.5,
			"freqs"	: [ 87.31,  125.98,  155.56,  159.8,  191,  207.65,  706.48,  830.61,  1046.5,  1206.39,  1244.51,  2943.06,  3123.35,  3322.44,  3729.31,  3729.31,  5587.65,  5587.65,  5919.91,  5919.91 ],
			"ffreqRateMul"	: 0.5
		},
		"MR1"	: {
			"topfreq"	: 18000,
			"ffreqhiMul"	: 1.2,
			"modRate"	: 0.2,
			"panCtr"	: -0.2,
			"detune"	: 1.923,
			"amp"	: 0,
			"ffreqRateCtr"	: 1.19,
			"atk"	: 0.012,
			"dcy"	: 0.026,
			"panWidth"	: 1,
			"amps"	: [ 0.7,  0.73,  0.33,  1.78,  1.91,  0.69,  0.76,  1.83,  0.55,  0.1,  0.32,  0.09,  0.13,  1.74,  1.61,  1.17,  0.65,  0.57,  0.34,  0.46 ],
			"ffreqloMul"	: 25,
			"freqs"	: [ 116.54,  179.98,  277.18,  277.18,  413.72,  466.16,  554.37,  739.99,  783.99,  1046.5,  1108.73,  1829.08,  2462.28,  2613.11,  2959.96,  3733.22,  3951.07,  4698.64,  4735.51,  5919.91 ],
			"ffreqRateMul"	: 0.66
		},
		"track88"	: {
			"ffreqRateMul"	: 0.5,
			"atk"	: 0.02,
			"ffreqloMul"	: 2.5,
			"amp"	: -15.838076649497,
			"dcy"	: 0.026,
			"ffreqRateCtr"	: 1,
			"panWidth"	: 1,
			"modRate"	: 1,
			"amps"	: [ 0.37,  1.6,  1.6,  1.54,  0.62,  0.85,  1.53,  1.3,  1.5,  0.09,  0.24,  1.28,  1.05,  0.43,  1.88,  1.54,  1.09,  0.18,  0.29,  1.31 ],
			"panCtr"	: 0,
			"topfreq"	: 18000,
			"detune"	: 1.006,
			"ffreqhiMul"	: 16.3,
			"freqs"	: [ 87.31,  125.98,  155.56,  159.8,  191,  207.65,  706.48,  830.61,  1046.5,  1206.39,  1244.51,  2943.06,  3123.35,  3322.44,  3729.31,  3729.31,  5587.65,  5587.65,  5919.91,  5919.91 ]
		},
		"preset0"	: {
			"topfreq"	: 0,
			"ffreqhiMul"	: 0,
			"modRate"	: 0,
			"panCtr"	: 0,
			"detune"	: 0,
			"amp"	: 0,
			"ffreqRateCtr"	: 0,
			"atk"	: 0,
			"dcy"	: 0,
			"panWidth"	: 0,
			"amps"	: 0,
			"ffreqloMul"	: 0,
			"freqs"	: 0,
			"ffreqRateMul"	: 0
		}
	}
}