{
		"TBandPass"	: {
			"prec2"	: {
				"freq"	: 1915.292604,
				"rq"	: 0.603,
				"amp"	: 0
			},
			"trame1"	: {
				"freq"	: 38.061515,
				"rq"	: 1.619,
				"amp"	: -14.348612
			},
			"preset0"	: {
				"freq"	: 0,
				"rq"	: 0,
				"amp"	: 0
			},
			"percu3"	: {
				"freq"	: 1976.165177,
				"rq"	: 0.349,
				"amp"	: 2.161534
			},
			"percu1"	: {
				"freq"	: 2817.2269,
				"rq"	: 0.349,
				"amp"	: 2.161534
			}
		}
	}