{
	"TBlip_20"	: {
		"MR1"	: {
			"ampmod"	: 0,
			"freqs"	: [82.41, 87.31, 116.54, 118.71, 123.47, 155.56, 307.33, 326.16, 554.37, 1046.5, 1479.98, 1829.08, 1975.53, 2489.02, 2613.11, 2793.83, 3135.96, 5025.6, 5274.04, 5587.65],
			"transp"	: 0.149,
			"width"	: 2,
			"shift"	: 40.602567991103,
			"lag_spat"	: 0.2,
			"pos"	: [0.38103127479553, 1.7982308864594, 0.62911534309387, 1.7860522270203, 0.85389161109924, 1.6473937034607, 1.3874814510345, 1.6241767406464, 0.7157301902771, 1.3960411548615, 1.6703698635101, 1.6963679790497, 1.5792715549469, 0.19388914108276, 0.68814945220947, 1.3297853469849, 0.23198652267456, 0.73956036567688, 0.48853063583374, 0.34686923027039],
			"amp"	: -11.125381111013,
			"fq_filt"	: [20, 20, 20, 20, 20, 20, 20, 20, 20, 20, 20, 20, 20, 20, 20, 20, 20, 20, 20, 20],
			"lag"	: 1,
			"d"	: 0,
			"distor"	: 0,
			"amps"	: [1.85, 0.18, 1.38, 1.76, 0.96, 1.82, 0.73, 1.04, 1.79, 0.59, 0.96, 0.54, 1.37, 1.08, 0.73, 1.42, 0.42, 0.85, 1.27, 1.81]
		},
		"default"	: {
			"ampmod"	: 0,
			"freqs"	: [20.86, 9543, 5272.89, 6013.75, 7487.32, 2918.61, 187.4, 95.06, 2386.13, 189.86, 1441.05, 262.98, 9305.68, 191.54, 35.58, 369.82, 124.24, 49.43, 133.72, 2252.66],
			"transp"	: 1,
			"width"	: 2,
			"shift"	: 0,
			"lag_spat"	: 0.2,
			"pos"	: [1.8797047684193, 1.8949883040547, 1.2529052936912, 0.073531157970428, 0.47259720220566, 0.37785821075439, 1.7850096437931, 0.77516529066563, 0.5358553096652, 0.46852426285744, 1.0641585040092, 1.6775402136087, 1.8759841941118, 0.5134705933094, 0.57868816509247, 0.064236159181595, 0.66315516726971, 1.0868328844547, 1.9158813099504, 0.25576134005785],
			"amp"	: 0,
			"fq_filt"	: [574.4, 8814.95, 21.4, 135.99, 39.72, 5569.58, 494.64, 232.06, 6221.53, 999.66, 2555.27, 8386.89, 9479.92, 5748.47, 352.04, 742.71, 1216.53, 453.7, 24.93, 33.76],
			"lag"	: 1,
			"d"	: 0,
			"distor"	: 0,
			"amps"	: [0.01, 0.85, 1.94, 1.91, 1.72, 1.17, 0.05, 0.6, 0.19, 1.05, 1.89, 1.3, 1.84, 1.34, 0.83, 1.57, 0.34, 1.76, 0.49, 0.26]
		},
		"trama_mod1"	: {
			"numharm"	: 6,
			"d"	: 9.2,
			"amp"	: -12.338626086299,
			"lag_spat"	: 2.156,
			"distor"	: -0.967,
			"pos"	: [0.38103127479553, 1.7982308864594, 0.62911534309387, 1.7860522270203, 0.85389161109924, 1.6473937034607, 1.3874814510345, 1.6241767406464, 0.7157301902771, 1.3960411548615, 1.6703698635101, 1.6963679790497, 1.5792715549469, 0.19388914108276, 0.68814945220947, 1.3297853469849, 0.23198652267456, 0.73956036567688, 0.48853063583374, 0.34686923027039],
			"shift"	: -121.77535132949,
			"lag"	: 0.256,
			"amps"	: [1.85, 0.18, 1.38, 1.76, 0.96, 1.82, 0.73, 1.04, 1.79, 0.59, 0.96, 0.54, 1.37, 1.08, 0.73, 1.42, 0.42, 0.85, 1.27, 1.81],
			"ampmod"	: 6.31,
			"width"	: 3.664,
			"transp"	: 1.975,
			"fq_filt"	: [20, 20, 20, 20, 20, 20, 20, 20, 20, 20, 20, 20, 20, 20, 20, 20, 20, 20, 20, 20],
			"freqs"	: [82.41, 87.31, 116.54, 118.71, 123.47, 155.56, 307.33, 326.16, 554.37, 1046.5, 1479.98, 1829.08, 1975.53, 2489.02, 2613.11, 2793.83, 3135.96, 5025.6, 5274.04, 5587.65]
		},
		"trama"	: {
			"width"	: 2.21,
			"lag"	: 0.001,
			"amp"	: -11.125381111013,
			"shift"	: 636.83824539185,
			"ampmod"	: 30.232,
			"fq_filt"	: [20, 20, 20, 20, 20, 20, 20, 20, 20, 20, 20, 20, 20, 20, 20, 20, 20, 20, 20, 20],
			"lag_spat"	: 1.125,
			"amps"	: [1.85, 0.18, 1.38, 1.76, 0.96, 1.82, 0.73, 1.04, 1.79, 0.59, 0.96, 0.54, 1.37, 1.08, 0.73, 1.42, 0.42, 0.85, 1.27, 1.81],
			"distor"	: -0.745,
			"d"	: 94.1,
			"freqs"	: [82.41, 87.31, 116.54, 118.71, 123.47, 155.56, 307.33, 326.16, 554.37, 1046.5, 1479.98, 1829.08, 1975.53, 2489.02, 2613.11, 2793.83, 3135.96, 5025.6, 5274.04, 5587.65],
			"numharm"	: 480,
			"transp"	: 2.031,
			"pos"	: [0.38103127479553, 1.7982308864594, 0.62911534309387, 1.7860522270203, 0.85389161109924, 1.6473937034607, 1.3874814510345, 1.6241767406464, 0.7157301902771, 1.3960411548615, 1.6703698635101, 1.6963679790497, 1.5792715549469, 0.19388914108276, 0.68814945220947, 1.3297853469849, 0.23198652267456, 0.73956036567688, 0.48853063583374, 0.34686923027039]
		}
	}
}