{
	"TFM_20"	: {
		"preset0"	: {
			"distor"	: 0,
			"shift"	: 0,
			"d"	: 0,
			"freqs"	: 0,
			"width"	: 0,
			"lag_spat"	: 0,
			"amps"	: 0,
			"index"	: 0,
			"transp"	: 0,
			"lfnoise_amp"	: 0,
			"lag"	: 0,
			"amp"	: 0
		},
		"MR1"	: {
			"d"	: 18.2,
			"amp"	: -20.276000998386,
			"lag_spat"	: 7.116,
			"distor"	: 0.728,
			"pos"	: [ 0.0001,  0.0001,  0.0001,  0.0001,  0.0001,  0.0001,  0.0001,  0.0001,  0.0001,  0.0001,  0.0001,  0.0001,  0.0001,  0.0001,  0.0001,  0.0001,  0.0001,  0.0001,  0.0001,  0.0001 ],
			"shift"	: 868.94273757935,
			"lag"	: 5.186,
			"amps"	: [ 0.15,  0.76,  0.05,  0.43,  1.66,  0.22,  0.11,  1.09,  0.84,  0.32,  1.54,  1.94,  1.64,  1.8,  0.26,  1.42,  0.73,  0.7,  0.51,  0.39 ],
			"width"	: 2.656,
			"index"	: 77.546,
			"transp"	: 4.242,
			"lfnoise_amp"	: 54.911,
			"freqs"	: [ 82.41,  110,  123.47,  133.69,  138.59,  150.58,  261.63,  346.14,  392,  494.51,  665.7,  665.7,  951.05,  1071.14,  1530.28,  1829.08,  2793.83,  2959.96,  2959.96,  3520 ]
		}
	}
}