{
			"TPCheby"	: {
				"preset3"	: {
					"amp"	: 0,
					"drv"	: 1.832175,
					"eq"	: 0.5,
					"lag"	: 0.1,
					"partvol"	: [0, 0, 0, 0, 0.333333, 0.27381, 0.154762, 0.119048]
				},
				"preset0"	: {
					"amp"	: 0,
					"drv"	: 0,
					"eq"	: 0,
					"lag"	: 0,
					"partvol"	: 0
				},
				"preset1"	: {
					"amp"	: 0,
					"drv"	: 1,
					"eq"	: 0.5,
					"lag"	: 0.1,
					"partvol"	: [ 0.447173,  0.5,  0.489158,  0.47619,  0.352273,  0.345238,  0.285714,  0.221726 ]
				},
				"MR1"	: {
					"amp"	: -0.74039922177822,
					"drv"	: 13.562017350534,
					"eq"	: 0.92367135105989,
					"lag"	: 0.1,
					"partvol"	: [ 0.52735256648658,  0.31640618294478,  0.46045914900546,  0.32653064143901,  0.5625,  0.54478455954939,  0.34027775459819,  0.75524380363845 ]
				},
				"preset2"	: {
					"amp"	: 0,
					"drv"	: 1,
					"eq"	: 0.5,
					"lag"	: 0.1,
					"partvol"	: [ 0.165805,  0.297878,  0.366284,  0.380952,  0.370164,  0.333333,  0.404762,  0.333333 ]
				},
				"preset4"	: {
					"amp"	: 0,
					"drv"	: 15.634575,
					"eq"	: 0.5,
					"lag"	: 0.1,
					"partvol"	: [ 0,  0,  0.100893,  0.285714,  0.261905,  0.25,  0.202381,  0.355655 ]
				}
			}
		}