{
	"TPulse_20"	: {
		"preset1"	: {
			"pos"	: [ 0.082793712615967,  0.95599222183228,  0.64699840545654,  0.95948910713196,  1.0985190868378,  1.0272862911224,  1.5217347145081,  1.2822439670563,  1.7324945926666,  0.4207239151001,  1.8352046012878,  0.5153214931488,  0.71438145637512,  0.40851402282715,  1.8216664791107,  0.33552479743958,  1.9604976177216,  0.50497198104858,  0.32549738883972,  0.57542610168457 ],
			"lag_spat"	: 0.2,
			"distor"	: 0,
			"freqs"	: [ 1071.14,  185,  1661.22,  1479.98,  146.83,  2959.96,  311.13,  92.5,  665.7,  932.33,  103.83,  4462.17,  932.33,  220,  105.4,  2613.11,  844.42,  2320.15,  1624.02,  556.95 ],
			"lag"	: 1,
			"amp"	: -15.344080295648,
			"d"	: 0,
			"width"	: 2,
			"shift"	: 0,
			"numharm"	: 200,
			"widthp"	: [ 0.918,  0.628,  0.06,  0.045,  0.853,  0.558,  0.533,  0.163,  0.093,  0.12,  0.768,  0.329,  0.336,  0.213,  0.095,  0.988,  0.462,  0.642,  0.811,  0.185 ],
			"fq_filt"	: [ 400,  400,  400,  400,  400,  400,  400,  400,  400,  400,  400,  400,  400,  400,  400,  400,  400,  400,  400,  400 ],
			"amps"	: [ 1.53,  1.45,  1.32,  0.95,  0.7,  1.23,  1.29,  1.26,  0.36,  0.45,  0.25,  0.23,  1.64,  1.45,  0.46,  1.34,  0.62,  0.7,  1.91,  1.14 ],
			"transp"	: 1,
			"ampmod"	: 0
		},
		"default"	: {
			"pos"	: [ 1.9929214679122,  0.53835381144285,  0.50976599224806,  0.022092537403107,  1.4497803199768,  1.5984519040465,  0.42021544489861,  1.3544310074806,  0.057186712706089,  0.91897838544846,  1.8147735230327,  0.37244709483385,  0.22969037995338,  1.5815438654423,  1.8801462975502,  1.0023396575451,  1.7850935629368,  1.0900919034719,  0.63325968755484,  1.7782369874477 ],
			"lag_spat"	: 0.2,
			"distor"	: 0,
			"freqs"	: [ 332.9,  61.8,  124.18,  3288.94,  1108.63,  1103.49,  1253.68,  20.25,  217.96,  293.22,  445.74,  785.08,  623.39,  170.81,  244.57,  40.23,  3846.99,  379.64,  27.81,  421.58 ],
			"lag"	: 1,
			"amp"	: -11.539321045231,
			"d"	: 0,
			"width"	: 2,
			"shift"	: 0,
			"numharm"	: 200,
			"widthp"	: [ 0.5,  0.5,  0.5,  0.5,  0.5,  0.5,  0.5,  0.5,  0.5,  0.5,  0.5,  0.5,  0.5,  0.5,  0.5,  0.5,  0.5,  0.5,  0.5,  0.5 ],
			"fq_filt"	: [ 5660.19,  7139.96,  5684.59,  467.24,  227.73,  1982.6,  1456.49,  86.23,  201.59,  122.28,  82.29,  153.11,  1969.18,  4504.56,  7424.67,  5697.67,  485.11,  37.65,  754.44,  4164.04 ],
			"amps"	: [ 0,  0.01,  0.72,  1.32,  0.45,  0.76,  0.02,  0.82,  0.33,  0.16,  0.31,  1.05,  0,  0.05,  1.16,  0.05,  0.25,  1.88,  1.07,  0.03 ],
			"transp"	: 1,
			"ampmod"	: 0
		},
		"MR1"	: {
			"width"	: 2,
			"lag"	: 1,
			"widthp"	: [ 0.902,  0.36,  0.07,  0.49,  0.233,  0.82,  0.213,  0.747,  0.082,  0.522,  0.248,  0.443,  0.89,  0.485,  0.118,  0.383,  0.567,  0.811,  0.552,  0.173 ],
			"amp"	: -28.657777383827,
			"shift"	: 0,
			"ampmod"	: 0,
			"fq_filt"	: [ 20,  20,  26.38,  31.18,  36.15,  41.91,  49.39,  56.35,  60.67,  60.67,  76.15,  87.45,  94.57,  94.57,  101.09,  120.78,  135.05,  171.4,  192.25,  224.61 ],
			"lag_spat"	: 0.2,
			"amps"	: [ 0,  1.27,  1.27,  1.71,  0.92,  1.91,  1.59,  1.53,  0.69,  1.21,  1.81,  1.71,  1.63,  0.84,  1.84,  0.17,  1.53,  0.18,  1.86,  0.43 ],
			"distor"	: 0,
			"d"	: 0,
			"freqs"	: [ 415.32,  545.26,  1070.53,  1595.79,  2121.05,  2646.32,  3171.58,  3696.84,  4222.11,  4747.37,  5272.63,  5797.89,  6323.16,  6848.42,  7373.68,  7898.95,  8424.21,  8949.47,  9474.74,  10000 ],
			"transp"	: 0.067,
			"pos"	: [ 0.92843055725098,  1.3054783344269,  1.9898309707642,  1.5667400360107,  1.1549763679504,  1.7234370708466,  0.26038551330566,  1.2817845344543,  0.94814324378967,  1.1248841285706,  1.0266757011414,  0.960853099823,  0.4712233543396,  1.8359954357147,  1.1008813381195,  0.45954966545105,  0.18437385559082,  0.69095373153687,  0.459721326828,  1.6981246471405 ]
		},
		"MR2"	: {
			"width"	: 1.292,
			"lag"	: 0.001,
			"widthp"	: [ 0.017,  0.901,  0.699,  0.904,  0.753,  0.752,  0.944,  0.248,  0.776,  0.983,  0.189,  0.126,  0.114,  0.961,  0.906,  0.289,  0.494,  0.144,  0.058,  0.285 ],
			"amp"	: -23.108087138924,
			"shift"	: 71.143463754929,
			"ampmod"	: 0,
			"fq_filt"	: [ 31.18,  31.18,  31.18,  31.18,  33.26,  43.81,  54.78,  66.3,  75.75,  75.75,  75.75,  75.75,  77.92,  99.23,  118.08,  118.08,  118.08,  118.08,  144.1,  170.93 ],
			"lag_spat"	: 0.926,
			"amps"	: [ 0.8,  0.89,  1.49,  0.37,  1.4,  0.92,  0.22,  0.06,  1.35,  0.12,  0.28,  0.89,  0.32,  1.12,  0.78,  0.37,  0.01,  1.13,  1.02,  0.13 ],
			"distor"	: -0.976,
			"d"	: 3.3,
			"freqs"	: [ 415.32,  545.26,  1070.53,  1595.79,  2121.05,  2646.32,  3171.58,  3696.84,  4222.11,  4747.37,  5272.63,  5797.89,  6323.16,  6848.42,  7373.68,  7898.95,  8424.21,  8949.47,  9474.74,  10000 ],
			"transp"	: 0.131,
			"pos"	: [ 1.3398807048798,  1.6104247570038,  1.5082132816315,  0.058864593505859,  1.5336661338806,  1.4417641162872,  0.47309041023254,  1.8396425247192,  1.3822083473206,  1.6559937000275,  1.4717953205109,  0.51632976531982,  0.36671257019043,  1.0157110691071,  1.2539522647858,  1.6653718948364,  1.9403567314148,  0.37985944747925,  1.0700891017914,  0.65323758125305 ]
		},
		"MR3"	: {
			"d"	: 1.8,
			"amp"	: -23.108087138924,
			"widthp"	: [ 0.17,  0.847,  0.828,  0.048,  0.512,  0.524,  0.908,  0.924,  0.016,  0.545,  0.072,  0.344,  0.556,  0.82,  0.301,  0.73,  0.582,  0.348,  0.242,  0.554 ],
			"lag_spat"	: 0.926,
			"distor"	: 0,
			"pos"	: [ 1.3398807048798,  1.6104247570038,  1.5082132816315,  0.058864593505859,  1.5336661338806,  1.4417641162872,  0.47309041023254,  1.8396425247192,  1.3822083473206,  1.6559937000275,  1.4717953205109,  0.51632976531982,  0.36671257019043,  1.0157110691071,  1.2539522647858,  1.6653718948364,  1.9403567314148,  0.37985944747925,  1.0700891017914,  0.65323758125305 ],
			"shift"	: 91.525629360024,
			"lag"	: 0.001,
			"amps"	: [ 1.05,  0.77,  0.08,  1.91,  1.74,  1.25,  1.99,  1.07,  1.95,  1.32,  0.44,  0.01,  0.38,  1.02,  1.94,  1.32,  1.2,  1.52,  1.61,  0.17 ],
			"ampmod"	: 0,
			"width"	: 1.292,
			"transp"	: 0.001,
			"fq_filt"	: [ 31.18,  31.18,  31.18,  31.18,  33.26,  43.81,  54.78,  66.3,  75.75,  75.75,  75.75,  75.75,  77.92,  99.23,  118.08,  118.08,  118.08,  118.08,  144.1,  170.93 ],
			"freqs"	: [ 415.32,  545.26,  1070.53,  1595.79,  2121.05,  2646.32,  3171.58,  3696.84,  4222.11,  4747.37,  5272.63,  5797.89,  6323.16,  6848.42,  7373.68,  7898.95,  8424.21,  8949.47,  9474.74,  10000 ]
		},
		"preset2"	: {
			"width"	: 2,
			"lag"	: 1,
			"widthp"	: [ 0.5,  0.5,  0.5,  0.5,  0.5,  0.5,  0.5,  0.5,  0.5,  0.5,  0.5,  0.5,  0.5,  0.5,  0.5,  0.5,  0.5,  0.5,  0.5,  0.5 ],
			"amp"	: 0,
			"shift"	: 0,
			"ampmod"	: 0,
			"fq_filt"	: [ 400,  400,  400,  400,  400,  400,  400,  400,  400,  400,  400,  400,  400,  400,  400,  400,  400,  400,  400,  400 ],
			"lag_spat"	: 0.2,
			"amps"	: [ 0.04,  0.07,  0.09,  0.06,  0.02,  0.08,  0.03,  0.02,  0.07,  0.05,  0.06,  0.04,  0.04,  0.04,  0.06,  0.05,  0.08,  0.05,  0.02,  0.09 ],
			"distor"	: 0,
			"d"	: 0,
			"freqs"	: [ 1071.14,  185,  1661.22,  1479.98,  146.83,  2959.96,  311.13,  92.5,  665.7,  932.33,  103.83,  4462.17,  932.33,  220,  105.4,  2613.11,  844.42,  2320.15,  1624.02,  556.95 ],
			"transp"	: 1,
			"pos"	: [ 0.0001,  0.10000000149012,  0.20000000298023,  0.30000001192093,  0.40000000596046,  0.5,  0.60000002384186,  0.69999998807907,  0.80000001192093,  0.89999997615814,  1,  1.1000000238419,  1.2000000476837,  1.2999999523163,  1.3999999761581,  1.5,  1.6000000238419,  1.7000000476837,  1.7999999523163,  1.8999999761581 ]
		}
	}
}