{
	"TPulse"	: {
		"default"	: {
			"freq"	: 958,
			"amp"	: -20
		},
		"bass"	: {
			"width"	: 0.376,
			"freq"	: 43.945676907828,
			"amp"	: -9.2475970724633
		}
	}
}