{
			"TSustractIn"	: {
				"trame_1"	: {
					"transp"	: 0.276,
					"amp"	: -44.20295,
					"d"	: 9.4,
					"shift"	: 0,
					"distor"	: 0,
					"lag"	: 7.837,
					"width"	: 2,
					"lag_spat"	: 0.2,
					"freqs"	: [ 123.47,  141.88,  159.8,  174.61,  257.12,  440,  440,  494.51,  665.7,  665.7,  1441.95,  1624.02,  1760,  2462.28,  2773.18,  2793.83,  3135.96,  3733.22,  4978.03,  5919.91 ],
					"amps"	: [ 0.84,  0.32,  1.46,  1.75,  0.31,  0.8,  1.47,  1.61,  1.02,  0.74,  1.51,  1.73,  0.33,  0.45,  0.81,  1.15,  0.02,  1.93,  1.22,  0.09 ],
					"rings"	: [ 0.114,  0.107,  0.22,  0.146,  0.213,  0.188,  0.1,  0.053,  0.194,  0.25,  0.136,  0.042,  0.094,  0.175,  0.124,  0.181,  0.239,  0.171,  0.047,  0.152 ],
					"pos"	: [ 0.80031,  0.418852,  0.707889,  0.313157,  1.910582,  1.854903,  0.114542,  0.158451,  0.728513,  1.191496,  1.409945,  1.204276,  1.750369,  1.143812,  1.424337,  0.849742,  0.983568,  0.29387,  0.792996,  0.765142 ]
				},
				"preset0"	: {
					"transp"	: 0,
					"amp"	: 0,
					"d"	: 0,
					"shift"	: 0,
					"distor"	: 0,
					"lag"	: 0,
					"width"	: 0,
					"lag_spat"	: 0,
					"freqs"	: 0,
					"amps"	: 0,
					"rings"	: 0,
					"pos"	: 0
				},
				"trame1"	: {
					"transp"	: 0.276,
					"amp"	: -44.20295,
					"d"	: 9.4,
					"shift"	: 0,
					"distor"	: 0,
					"lag"	: 0.452,
					"width"	: 2,
					"lag_spat"	: 0.2,
					"freqs"	: [ 123.47,  141.88,  159.8,  174.61,  257.12,  440,  440,  494.51,  665.7,  665.7,  1441.95,  1624.02,  1760,  2462.28,  2773.18,  2793.83,  3135.96,  3733.22,  4978.03,  5919.91 ],
					"amps"	: [ 0.84,  0.32,  1.46,  1.75,  0.31,  0.8,  1.47,  1.61,  1.02,  0.74,  1.51,  1.73,  0.33,  0.45,  0.81,  1.15,  0.02,  1.93,  1.22,  0.09 ],
					"rings"	: [ 0.114,  0.107,  0.22,  0.146,  0.213,  0.188,  0.1,  0.053,  0.194,  0.25,  0.136,  0.042,  0.094,  0.175,  0.124,  0.181,  0.239,  0.171,  0.047,  0.152 ],
					"pos"	: [ 0.80031,  0.418852,  0.707889,  0.313157,  1.910582,  1.854903,  0.114542,  0.158451,  0.728513,  1.191496,  1.409945,  1.204276,  1.750369,  1.143812,  1.424337,  0.849742,  0.983568,  0.29387,  0.792996,  0.765142 ]
				}
			}
		}