{
	"Tweets_fo_0143"	: {
		"preset0"	: {
			"p2"	: 0,
			"p3"	: 0,
			"p1"	: 0,
			"amp"	: 0
		},
		"mes382"	: {
			"p2"	: 3.55,
			"p3"	: 0.217,
			"p1"	: 5.627106,
			"amp"	: -2.923451
		},
		"noisy1"	: {
			"p2"	: 35.41,
			"p3"	: 6.787,
			"p1"	: 31.93717,
			"amp"	: -19.259325
		},
		"mes382_2"	: {
			"p2"	: 5.54,
			"p3"	: 0.327,
			"p1"	: 1.492803,
			"amp"	: -3.672975
		},
		"MR1"	: {
			"p2"	: 4.36,
			"p3"	: 0.111,
			"p1"	: 18.250873521383,
			"amp"	: -6.1522360953286
		},
		"noisy2"	: {
			"p2"	: 50.53,
			"p3"	: 5.875,
			"p1"	: 0.41230182647705,
			"amp"	: -6.1522360953286
		},
		"noisy3"	: {
			"p2"	: 20.26,
			"p3"	: 3.522,
			"p1"	: 20.625985145569,
			"amp"	: -6.1522360953286
		}
	}
}