{
	"Tweets_jl_dark"	: {
		"MR6"	: {
			"p5"	: 11,
			"p1"	: 61.6,
			"p4"	: 32.9,
			"amp"	: -16.636629,
			"p2"	: 65.1,
			"f1"	: 244.2,
			"p3"	: 13,
			"f2"	: 115.4
		},
		"exp1"	: {
			"p5"	: 34.8,
			"p1"	: 3.4,
			"p4"	: 15.7,
			"amp"	: -16.083756,
			"p2"	: 21.6,
			"f1"	: 158.4,
			"p3"	: 5.7,
			"f2"	: 998.2
		},
		"MR3"	: {
			"p5"	: 28.1,
			"p1"	: 77.1,
			"p4"	: 31,
			"amp"	: -16.636629,
			"p2"	: 796.3,
			"f1"	: 344.4,
			"p3"	: 44.4,
			"f2"	: 120.7
		},
		"MR7"	: {
			"p5"	: 90.1,
			"p1"	: 54.8,
			"p4"	: 48.8,
			"amp"	: -16.636629,
			"p2"	: 84.6,
			"f1"	: 631.7,
			"p3"	: 6.4,
			"f2"	: 167.6
		},
		"MR5"	: {
			"p5"	: 14.7,
			"p1"	: 67.1,
			"p4"	: 90.5,
			"amp"	: -16.636629,
			"p2"	: 939.4,
			"f1"	: 443.7,
			"p3"	: 3.6,
			"f2"	: 34.1
		},
		"MR2"	: {
			"p5"	: 88.8,
			"p1"	: 59.3,
			"p4"	: 29.3,
			"amp"	: -16.636629,
			"p2"	: 795.8,
			"f1"	: 461.9,
			"p3"	: 14.2,
			"f2"	: 39.6
		},
		"MR8_agu"	: {
			"p5"	: 20.1,
			"p1"	: 86.2,
			"p4"	: 1.1,
			"amp"	: -16.636629,
			"p2"	: 640.2,
			"f1"	: 854.8,
			"p3"	: 63.8,
			"f2"	: 764.3
		},
		"exp2"	: {
			"p5"	: 0.1,
			"p1"	: 2.2,
			"p4"	: 2.2,
			"amp"	: -16.636629,
			"p2"	: 70,
			"f1"	: 22.6,
			"p3"	: 1,
			"f2"	: 31.1
		},
		"preset0"	: {
			"f1"	: 0,
			"p2"	: 0,
			"f2"	: 0,
			"p3"	: 0,
			"p1"	: 0
		},
		"MR4"	: {
			"p5"	: 36.9,
			"p1"	: 65.8,
			"p4"	: 52.7,
			"amp"	: -16.636629,
			"p2"	: 973.7,
			"f1"	: 558.8,
			"p3"	: 39.9,
			"f2"	: 734.4
		},
		"MR1"	: {
			"p5"	: 75.3,
			"p1"	: 22.5,
			"p4"	: 7.2,
			"amp"	: -16.636629,
			"p2"	: 878.3,
			"f1"	: 34.4,
			"p3"	: 72.3,
			"f2"	: 357.9
		},
		"MR9"	: {
			"p5"	: 57,
			"p1"	: 70.1,
			"p4"	: 34.7,
			"amp"	: -16.636629,
			"p2"	: 865.7,
			"f1"	: 344,
			"p3"	: 82.9,
			"f2"	: 331.9
		}
	}
}