{
			"Tweets_fo_0137"	: {
				"MR1"	: {
					"p1"	: 0.1,
					"p2"	: 14.173885350318,
					"p3"	: 50,
					"amp"	: -20
				},
				"preset0"	: {
					"p1"	: 0,
					"p2"	: 0,
					"p3"	: 0
				},
				"MR2"	: {
					"p1"	: 0.1,
					"p2"	: 14.173885350318,
					"p3"	: 50,
					"amp"	: -2.6431848771314
				}
			}
		}