{
	"AnalogVowel_mono"	: {
		"son2"	: {
			"modRate"	: 4.4,
			"atk"	: 0.01,
			"freqs"	: [ 92.5,  93.58,  110.0,  111.85,  123.47,  164.81,  164.81,  174.61,  174.61,  261.63,  272.87,  369.99,  389.84,  622.25,  706.48,  706.48,  783.99,  896.15,  987.77,  1071.14,  1174.66,  1358.71,  1941.12,  3322.44,  3520.0,  3961.91,  4186.01,  4698.64,  5025.6,  5660.17 ],
			"lag"	: 0.633,
			"panCtr"	: -0.2,
			"amp"	: -4.1033694716393,
			"panWidth"	: 0.53,
			"topfreq"	: 281.0,
			"ffreqhiMul"	: 9.6,
			"ffreqRateMul"	: 0.54,
			"ffreqloMul"	: 1.3,
			"dcy"	: 0.018,
			"amps"	: [ 0.72,  1.9,  0.6,  1.56,  1.29,  0.75,  0.91,  0.56,  0.62,  0.35,  0.26,  1.27,  0.86,  0.69,  1.21,  1.05,  0.4,  1.24,  0.97,  1.16,  0.08,  1.23,  0.29,  1.41,  0.89,  1.73,  1.53,  0.19,  1.29,  0.91 ],
			"ffreqRateCtr"	: 5.56,
			"detune"	: 0.708
		},
		"default"	: {
			"modRate"	: 1,
			"atk"	: 0.02,
			"freqs"	: [ 3107.37,  700.54,  363.78,  37.76,  8170.7,  228.0,  49.29,  4286.06,  253.1,  1074.16,  1638.1,  1019.57,  140.39,  35.38,  60.82,  160.3,  48.36,  2424.16,  264.12,  158.63,  9938.35,  205.19,  34.43,  5789.96,  1037.29,  856.16,  76.58,  24.75,  54.66,  6975.25 ],
			"lag"	: 0.2,
			"panCtr"	: 0,
			"amp"	: 0,
			"panWidth"	: 1,
			"topfreq"	: 18000,
			"ffreqhiMul"	: 16.3,
			"ffreqRateMul"	: 0.5,
			"ffreqloMul"	: 2.5,
			"dcy"	: 0.026,
			"amps"	: [ 0.34,  1.51,  0.37,  0.02,  1.21,  0.85,  0.78,  1.1,  0.82,  0.46,  0.02,  0.86,  0.7,  0.26,  1.48,  0.8,  0.13,  0.01,  1.41,  0.42,  0.16,  0.03,  1.62,  0.05,  0.01,  0.62,  0.3,  0.2,  1.67,  1.11 ],
			"ffreqRateCtr"	: 1,
			"detune"	: 1.006
		},
		"son5"	: {
			"ffreqRateMul"	: 0.82,
			"atk"	: 0.023,
			"ffreqloMul"	: 1.3,
			"amp"	: -1.2880709535707,
			"dcy"	: 0.077,
			"ffreqRateCtr"	: 9.61,
			"panWidth"	: 0.59,
			"modRate"	: 4.6,
			"lag"	: 0.001,
			"amps"	: [ 0.13,  0.18,  0.06,  1.32,  0.96,  1.71,  0.18,  0.56,  0.87,  1.03,  1.58,  1.76,  0.37,  1.21,  1.54,  0.36,  1.93,  0.31,  0.57,  0.77,  0.21,  0.86,  1.22,  1.51,  1.49,  1.87,  0.7,  1.11,  1.61,  0.24 ],
			"panCtr"	: 0.8,
			"topfreq"	: 127.0,
			"detune"	: -1.177,
			"ffreqhiMul"	: 1.6,
			"freqs"	: [ 20.0,  364.14,  708.28,  1052.41,  1396.55,  1740.69,  2084.83,  2428.97,  2773.1,  3117.24,  3461.38,  3805.52,  4149.66,  4493.79,  4837.93,  5182.07,  5526.21,  5870.34,  6214.48,  6558.62,  6902.76,  7246.9,  7591.03,  7935.17,  8279.31,  8623.45,  8967.59,  9311.72,  9655.86,  10000.0 ]
		},
		"son3"	: {
			"modRate"	: 1.8,
			"atk"	: 0.01,
			"freqs"	: [ 92.5,  93.58,  110.0,  111.85,  123.47,  164.81,  164.81,  174.61,  174.61,  261.63,  272.87,  369.99,  389.84,  622.25,  706.48,  706.48,  783.99,  896.15,  987.77,  1071.14,  1174.66,  1358.71,  1941.12,  3322.44,  3520.0,  3961.91,  4186.01,  4698.64,  5025.6,  5660.17 ],
			"lag"	: 0.001,
			"panCtr"	: -0.4,
			"amp"	: -1.0595324075747,
			"panWidth"	: 0.67,
			"topfreq"	: 672.0,
			"ffreqhiMul"	: 8.1,
			"ffreqRateMul"	: 0.69,
			"ffreqloMul"	: 2.3,
			"dcy"	: 0.013,
			"amps"	: [ 0.72,  1.9,  0.6,  1.56,  1.29,  0.75,  0.91,  0.56,  0.62,  0.35,  0.26,  1.27,  0.86,  0.69,  1.21,  1.05,  0.4,  1.24,  0.97,  1.16,  0.08,  1.23,  0.29,  1.41,  0.89,  1.73,  1.53,  0.19,  1.29,  0.91 ],
			"ffreqRateCtr"	: 8.21,
			"detune"	: -0.668
		},
		"son4"	: {
			"modRate"	: 0.8,
			"atk"	: 0.016,
			"freqs"	: [ 92.5,  93.58,  110.0,  111.85,  123.47,  164.81,  164.81,  174.61,  174.61,  261.63,  272.87,  369.99,  389.84,  622.25,  706.48,  706.48,  783.99,  896.15,  987.77,  1071.14,  1174.66,  1358.71,  1941.12,  3322.44,  3520.0,  3961.91,  4186.01,  4698.64,  5025.6,  5660.17 ],
			"lag"	: 0.001,
			"panCtr"	: -0.4,
			"amp"	: -1.2880709535707,
			"panWidth"	: 0.67,
			"topfreq"	: 4043.0,
			"ffreqhiMul"	: 3.4,
			"ffreqRateMul"	: 0.69,
			"ffreqloMul"	: 1.5,
			"dcy"	: 0.109,
			"amps"	: [ 0.72,  1.9,  0.6,  1.56,  1.29,  0.75,  0.91,  0.56,  0.62,  0.35,  0.26,  1.27,  0.86,  0.69,  1.21,  1.05,  0.4,  1.24,  0.97,  1.16,  0.08,  1.23,  0.29,  1.41,  0.89,  1.73,  1.53,  0.19,  1.29,  0.91 ],
			"ffreqRateCtr"	: 3.69,
			"detune"	: 0.204
		},
		"son1"	: {
			"modRate"	: 1.0,
			"atk"	: 0.014,
			"freqs"	: [ 706.48,  4462.17,  257.12,  1530.28,  622.25,  1174.66,  5660.17,  7179.81,  3951.07,  116.54,  2793.83,  524.8,  1174.66,  392.0,  130.81,  880.0,  4698.64,  155.56,  5587.65,  523.25,  627.27,  1441.95,  326.16,  706.48,  622.25,  2217.46,  233.08,  1396.91,  116.54,  1567.98 ],
			"lag"	: 0.2,
			"panCtr"	: 0.0,
			"amp"	: 2.9697197082327,
			"panWidth"	: 1.0,
			"topfreq"	: 3187.0,
			"ffreqhiMul"	: 3.7,
			"ffreqRateMul"	: 0.5,
			"ffreqloMul"	: 3.2,
			"dcy"	: 0.081,
			"amps"	: [ 0.06,  1.81,  0.12,  1.84,  0.66,  0.83,  0.75,  0.23,  0.07,  1.67,  1.77,  0.11,  1.58,  1.63,  0.62,  0.84,  0.59,  0.55,  0.16,  1.57,  1.05,  1.86,  0.96,  1.44,  0.58,  0.34,  1.72,  1.4,  1.97,  0.84 ],
			"ffreqRateCtr"	: 1.0,
			"detune"	: 1.626
		},
		"test1"	: {
			"modRate"	: 1.0,
			"atk"	: 0.014,
			"freqs"	: [ 706.48,  4462.17,  257.12,  1530.28,  622.25,  1174.66,  5660.17,  7179.81,  3951.07,  116.54,  2793.83,  524.8,  1174.66,  392.0,  130.81,  880.0,  4698.64,  155.56,  5587.65,  523.25,  627.27,  1441.95,  326.16,  706.48,  622.25,  2217.46,  233.08,  1396.91,  116.54,  1567.98 ],
			"lag"	: 0.2,
			"panCtr"	: 0.0,
			"amp"	: 2.9697197082327,
			"panWidth"	: 1.0,
			"topfreq"	: 8520.0,
			"ffreqhiMul"	: 3.7,
			"ffreqRateMul"	: 0.5,
			"ffreqloMul"	: 3.2,
			"dcy"	: 0.081,
			"amps"	: [ 0.06,  1.81,  0.12,  1.84,  0.66,  0.83,  0.75,  0.23,  0.07,  1.67,  1.77,  0.11,  1.58,  1.63,  0.62,  0.84,  0.59,  0.55,  0.16,  1.57,  1.05,  1.86,  0.96,  1.44,  0.58,  0.34,  1.72,  1.4,  1.97,  0.84 ],
			"ffreqRateCtr"	: 1.0,
			"detune"	: 1.626
		}
	}
}