{
	"Bform_mono"	: {
		"freq4"	: {
			"formfreq"	: 3765.960973221,
			"bwfreq"	: 548.0,
			"freq"	: 126.68891585381,
			"amp"	: -5.8736918134408
		},
		"freq1"	: {
			"formfreq"	: 3766.6623990117,
			"fbwfreq"	: 94.359126821482,
			"freq"	: 226.61645705875,
			"amp"	: -4.7328529543416
		},
		"preset2"	: {
			"formfreq"	: 2437.6806838957,
			"bwfreq"	: 929.93999736388,
			"freq"	: 1205.0406215753,
			"amp"	: -10.546994383756
		},
		"default"	: {
			"formfreq"	: 70,
			"fbwfreq"	: 200,
			"freq"	: 200,
			"amp"	: -6
		},
		"freq3"	: {
			"formfreq"	: 2898.3863257265,
			"bwfreq"	: 548.83102028269,
			"freq"	: 109.93785875029,
			"amp"	: -5.8736918134408
		},
		"freq2"	: {
			"formfreq"	: 2831.1650556376,
			"fbwfreq"	: 119.33713932605,
			"freq"	: 1132.472514454,
			"amp"	: -10.328366500157
		}
	}
}