{
		"Drone_2_mult"	: {
			"acord1"	: {
				"transp"	: 0.997,
				"modfreq"	: 0.1,
				"damp"	: 0.5,
				"room"	: 0.5,
				"lag_spat"	: 0.2,
				"amp"	: 1.614354,
				"freqs"	: [ 202.7,  392,  413.72,  524.8,  1046.5,  1760,  1975.53,  2349.32,  3733.22,  4434.92,  5274.04,  5660.17 ],
				"amps"	: [2, 1.03, 1.2, 1.69, 1, 1.48, 1.68, 1.07, 2, 2, 2, 2],
				"pos"	: [ 0.119142,  0.119142,  0.095333,  0.095333,  0.095333,  0.119142,  0.119142,  0.119142,  0.119142,  0.119142,  0.119142,  0.0001 ]
			},
			"preset0"	: {
				"transp"	: 0,
				"modfreq"	: 0,
				"damp"	: 0,
				"room"	: 0,
				"lag_spat"	: 0,
				"amp"	: 0
			},
			"accord2"	: {
				"transp"	: 0.997,
				"modfreq"	: 0.1,
				"damp"	: 0.5,
				"room"	: 0.5,
				"lag_spat"	: 0.2,
				"amp"	: 1.614354,
				"freqs"	: [ 202.7,  392,  413.72,  524.8,  1046.5,  1760,  1975.53,  2349.32,  3733.22,  4434.92,  5274.04,  5660.17 ],
				"amps"	: [0, 0, 0, 0, 0, 0, 0, 0, 0, 0, 0, 0],
				"pos"	: [ 0.119142,  0.119142,  0.095333,  0.095333,  0.095333,  0.119142,  0.119142,  0.119142,  0.119142,  0.119142,  0.119142,  0.0001 ]
			},
			"accord3"	: {
				"transp"	: 0.997,
				"modfreq"	: 0.1,
				"damp"	: 0.5,
				"room"	: 0.5,
				"lag_spat"	: 0.2,
				"amp"	: 1.614354,
				"freqs"	: [ 202.7,  392,  413.72,  524.8,  1046.5,  1760,  1975.53,  2349.32,  3733.22,  4434.92,  5274.04,  5660.17 ],
				"amps"	: [ 1.91,  1.24,  0.82,  0.44,  0.23,  0.15,  0.12,  0.07,  0.03,  0.01,  0,  0 ],
				"pos"	: [ 0.119142,  0.119142,  0.095333,  0.095333,  0.095333,  0.119142,  0.119142,  0.119142,  0.119142,  0.119142,  0.119142,  0.0001 ]
			}
		}
	}