{
	"Impulse_Pluck_ext"	: {
		"MR6"	: {
			"del"	: 0.006,
			"freq"	: 6050.0637683643,
			"amp"	: 2.0635877435443
		},
		"preset1"	: {
			"freq"	: 532.12333318741,
			"del"	: 0.026,
			"amp"	: -7.5475089760934
		},
		"MR3"	: {
			"del"	: 0.003,
			"freq"	: 6050.0637683643,
			"amp"	: 2.0635877435443
		},
		"MR7"	: {
			"del"	: 0.007,
			"freq"	: 6050.0637683643,
			"amp"	: 2.0635877435443
		},
		"pluck_L"	: {
			"del"	: 0.035,
			"freq"	: 958,
			"amp"	: 1.3470374942402
		},
		"MR2"	: {
			"del"	: 0.002,
			"freq"	: 6050.0637683643,
			"amp"	: 2.0635877435443
		},
		"MR5"	: {
			"del"	: 0.005,
			"freq"	: 6050.0637683643,
			"amp"	: 2.0635877435443
		},
		"preset0"	: {
			"del"	: 0,
			"freq"	: 0,
			"amp"	: 0
		},
		"MR4"	: {
			"del"	: 0.005,
			"freq"	: 958,
			"amp"	: 1.3470375537872
		},
		"MR8"	: {
			"del"	: 0.008,
			"freq"	: 6050.0637683643,
			"amp"	: 2.0635877435443
		},
		"pluck_R"	: {
			"del"	: 0.01,
			"freq"	: 958,
			"amp"	: 1.3470374942402
		},
		"MR1"	: {
			"del"	: 0.018,
			"freq"	: 960.43431027984,
			"amp"	: -5.7289367469083
		}
	}
}