{
	"Impulse_Pluck"	: {
		"MR1"	: {
			"freq"	: 960.38959427045,
			"freq_imp"	: 9.35,
			"del"	: 0.015,
			"amp"	: 3.8120504465185
		},
		"preset0"	: {
			"freq"	: 0,
			"freq_imp"	: 0,
			"del"	: 0,
			"amp"	: 0
		},
		"pintas1"	: {
			"del"	: 0.025,
			"freq"	: 4754.4375737414,
			"freq_imp"	: 8.49,
			"amp"	: 3.8120504465185
		}
	}
}