{
	"Impulse_interac10"	: {
		"mr4"	: {
			"pitch"	: 18.72,
			"y"	: 0.272,
			"amps"	: [0.86, 1.05, 1.43, 1.51, 2, 2, 2, 2, 2, 2],
			"freqs"	: [ 447.21,  647.39,  358.2,  308.93,  115.91,  41.82,  127.14,  601.23,  999.85,  264.09 ],
			"width"	: 0.388,
			"amp"	: 1.0209817689518,
			"freq"	: 11.1,
			"x"	: 0.932,
			"rings"	: [ 0.182,  0.25,  0.25,  0.25,  0.25,  0.25,  0.25,  0.25,  0.25,  0.25 ]
		},
		"MR1"	: {
			"pitch"	: 1,
			"y"	: 0,
			"amps"	: [0.21, 1.1, 0.74, 0.81, 0.16, 1.55, 1.3, 0.7, 0.14, 1.36],
			"freqs"	: [ 92.5,  99.31,  169.59,  196,  369.99,  440,  591.07,  659.26,  2793.83,  6374.87 ],
			"width"	: 0.056,
			"amp"	: 0,
			"freq"	: 10,
			"x"	: 0,
			"rings"	: [ 0.067,  0.035,  0.125,  0.127,  0.155,  0.243,  0.084,  0.073,  0.169,  0.2 ]
		},
		"MR2"	: {
			"pitch"	: 1.19,
			"y"	: 0,
			"amps"	: [0.88, 0.18, 0.44, 0.28, 0.95, 0.54, 0.72, 1.36, 1.2, 0.62],
			"freqs"	: [ 587.33,  587.33,  844.42,  880,  1046.5,  1108.73,  1318.51,  2637.02,  5660.17,  7179.82 ],
			"width"	: 0.936,
			"amp"	: -2.3067498994302,
			"freq"	: 17.1,
			"x"	: 0,
			"rings"	: [ 0.126,  0.048,  0.196,  0.217,  0.17,  0.045,  0.114,  0.177,  0.074,  0.148 ]
		},
		"preset0"	: {
			"pitch"	: 0,
			"x"	: 0,
			"amp"	: 0,
			"amps"	: 0,
			"width"	: 0,
			"y"	: 0,
			"freq"	: 0,
			"freqs"	: 0
		},
		"MR3"	: {
			"pitch"	: 18.72,
			"y"	: 0.097,
			"amps"	: [0.1, 0.48, 1.03, 0.4, 1.66, 1.74, 1.04, 1.83, 0.17, 0.82],
			"freqs"	: [ 130.81,  159.8,  277.18,  307.33,  1174.66,  1244.51,  1567.98,  2320.15,  4462.17,  5025.6 ],
			"width"	: 0.134,
			"amp"	: 0.92076616175361,
			"freq"	: 124,
			"x"	: 0.336,
			"rings"	: [ 0.141,  0.194,  0.126,  0.075,  0.161,  0.191,  0.022,  0.112,  0.161,  0.043 ]
		},
		"klang_impulse1"	: {
			"pitch"	: 10.34,
			"x"	: 0.646,
			"amp"	: 0,
			"amps"	: [2, 1.77, 1.93, 1.95, 2, 2, 2, 2, 2, 2],
			"width"	: 0.161,
			"y"	: 0.486,
			"freq"	: 27.5,
			"rings"	: [0.25, 0.25, 0.25, 0.25, 0.25, 0.25, 0.25, 0.25, 0.25, 0.25],
			"freqs"	: [ 808.28,  750.64,  601.23,  558.35,  481.55,  1009.14,  1573.02,  385.7,  170.93,  118.08 ]
		}
	}
}