{
	"Laconicism_13"	: {
		"MR1"	: {
			"spd"	: 43.251985609531,
			"lTime"	: 0.012540383796373,
			"hi"	: 2436.6428836917,
			"sExp"	: 1.9630068776348,
			"amp"	: -1.0616445529047,
			"lo"	: 611.31628172677
		},
		"pintas_rota5"	: {
			"hi"	: 2911.7297383808,
			"spd"	: 50.535808647592,
			"sExp"	: 2.0743168988935,
			"amp"	: -16.0,
			"lo"	: 606.14690917192,
			"lTime"	: 0.020261553132729
		},
		"preset0"	: {
			"spd"	: 0,
			"lTime"	: 0,
			"hi"	: 0,
			"sExp"	: 0,
			"amp"	: 0,
			"lo"	: 0
		}
	}
}