{
	"Laconicism_12"	: {
		"MR1"	: {
			"pFreq"	: 83.308949720991,
			"kBeat"	: 7.6757646612337,
			"kFreq"	: 142.66575636749,
			"amp"	: -5.4420897048992
		},
		"pintas2"	: {
			"amp"	: -22.342430295092,
			"kBeat"	: 5.8602457205661,
			"kFreq"	: 36.615502862716,
			"pFreq"	: 91.323917145961
		},
		"preset0"	: {
			"pFreq"	: 0,
			"kBeat"	: 0,
			"kFreq"	: 0,
			"amp"	: 0
		},
		"MR2"	: {
			"kFreq"	: 160.24735465137,
			"kBeat"	: 3.4154882787967,
			"amp"	: -5.4420897048992,
			"pFreq"	: 110.14866109891
		},
		"pintas1"	: {
			"pFreq"	: 125.18170237178,
			"kBeat"	: 6.1977773917411,
			"amp"	: -12.787043027094,
			"kFreq"	: 104.1031923902
		}
	}
}