{
	"Laconicism_5"	: {
		"MR1"	: {
			"delMul"	: 0.88151921033859,
			"pulFMul"	: 9.4875226212914,
			"amp"	: -20.6856527866139,
			"iFreq"	: 2.9037380814552,
			"fbMul"	: 99.217419159412
		},
		"pintas_mort2"	: {
			"delMul"	: 0.19485289657264,
			"pulFMul"	: 3.9956487350043,
			"amp"	: -10.6856527866139,
			"iFreq"	: 8.2924143160449,
			"fbMul"	: 47.003635965356
		},
		"preset0"	: {
			"pulFMul"	: 0,
			"delMul"	: 0,
			"amp"	: 0,
			"iFreq"	: 0,
			"fbMul"	: 0
		},
		"pintas_mort1"	: {
			"delMul"	: 0.88151921033859,
			"pulFMul"	: 0.33109874694709,
			"amp"	: -20.6856527866139,
			"iFreq"	: 2.9037380814552,
			"fbMul"	: 25.567557375392
		},
		"pintas_mort3"	: {
			"delMul"	: 0.18809523809524,
			"fbMul"	: 0.23646041856235,
			"pulFMul"	: 10.514961913906,
			"iFreq"	: 0.65040036396724,
			"amp"	: -10.6856527866139
		}
	}
}