{
	"Laconicism_1"	: {
		"preset0"	: {
			"round"	: 0,
			"amp"	: 0,
			"speed"	: 0
		},
		"MR1"	: {
			"speed"	: 72.520764417248,
			"round"	: 3.7804974218987,
			"amp"	: -1.0560127359352
		}
	}
}