{
	"Laconicism_7"	: {
		"MR2-gran"	: {
			"bilFMul"	: 30.172879698886,
			"delMul"	: 0.97188594341278,
			"amp"	: -0.95740040233504,
			"iFreq"	: 10.924932688321,
			"fbMul"	: 293.31825063229
		},
		"buena"	: {
			"bilFMul"	: 38.286458,
			"delMul"	: 1,
			"amp"	: 0,
			"iFreq"	: 7.366191,
			"fbMul"	: 100
		},
		"MR1"	: {
			"bilFMul"	: 3.5380181499154,
			"delMul"	: 0.97905538082123,
			"amp"	: 0,
			"iFreq"	: 0.51487479440492,
			"fbMul"	: 343.19444044828
		},
		"pintas_mort2"	: {
			"bilFMul"	: 0.68440777216927,
			"fbMul"	: 63.385624978937,
			"delMul"	: 0.2136457385502,
			"iFreq"	: 2.8030391127847,
			"amp"	: -1.0630527924743
		},
		"preset0"	: {
			"bilFMul"	: 0,
			"delMul"	: 0,
			"amp"	: 0,
			"iFreq"	: 0,
			"fbMul"	: 0
		},
		"pintas_mort1"	: {
			"bilFMul"	: 3.5380181499154,
			"delMul"	: 0.97905538082123,
			"amp"	: 0.0,
			"iFreq"	: 0.51487479440492,
			"fbMul"	: 343.19444044828
		}
	}
}