{
	"Noisy"	: {
		"preset0"	: {
			"fr1"	: 0,
			"freq"	: 0
		},
		"pintas1"	: {
			"fr3"	: 3.8606309890747,
			"freq"	: 4140.0,
			"fr1"	: 6.2976503372192,
			"fr2"	: 3.6022782325745,
			"amp"	: 0.0
		},
		"test_audio"	: {
			"amp"	: 3.0571478364746,
			"fr1"	: 3.0595490850268,
			"fr2"	: 10.437299902268,
			"fr3"	: 1.5346611397567,
			"freq"	: 1890.0
		},
		"modulation1"	: {
			"amp"	: 3.0571478364746,
			"fr1"	: 2.5526909985509,
			"fr2"	: 6.7175546793381,
			"fr3"	: 8.8409665352341,
			"freq"	: 4760.0
		}
	}
}