{
	"Osc_wt_20_mod_mono"	: {
		"test1"	: {
			"detu_freq"	: 4.406,
			"d"	: 0.0,
			"amp"	: 0.0,
			"lag_spat"	: 0.2,
			"distor"	: 0.0,
			"pos"	: [ 0.0001,  0.10000000149012,  0.20000000298023,  0.30000001192093,  0.40000000596046,  0.5,  0.60000002384186,  0.69999998807907,  0.80000001192093,  0.89999997615814,  1.0,  1.1000000238419,  1.2000000476837,  1.2999999523163,  1.3999999761581,  1.5,  1.6000000238419,  1.7000000476837,  1.7999999523163,  1.8999999761581 ],
			"buf"	: 3.0,
			"shift"	: 0.0,
			"lag"	: 1.0,
			"ampmod"	: 0.0,
			"amps"	: [ 0.15,  1.66,  1.14,  0.81,  1.31,  1.66,  0.35,  1.69,  1.25,  0.06,  1.75,  1.51,  0.95,  1.05,  0.38,  1.82,  1.38,  1.87,  1.67,  0.38 ],
			"width"	: 2.0,
			"transp"	: 0.152,
			"detune"	: 0.707,
			"lfnoise_amp"	: 0.0,
			"freqs"	: [ 87.31,  118.71,  164.81,  307.33,  349.23,  349.23,  415.3,  627.27,  932.33,  1071.14,  1358.71,  1624.02,  2217.46,  3135.96,  3729.31,  3733.22,  3961.91,  4186.01,  4204.6,  4462.17 ]
		},
		"default"	: {
			"ampmod"	: 0.001,
			"lfnoise_amp"	: 0,
			"freqs"	: [ 397.37,  3054.41,  58.03,  1091.37,  780.66,  388.17,  26.93,  2613.4,  2651.99,  2164.82,  22.99,  6873.9,  107.45,  1941.72,  439.49,  404.13,  386.83,  500.56,  84.96,  1982.88 ],
			"transp"	: 1,
			"width"	: 2,
			"shift"	: 0,
			"lag_spat"	: 0.2,
			"pos"	: [ 1.6564121387482,  0.8820966370225,  0.18519130039215,  0.14915994851589,  0.99107565816641,  0.55084274423122,  0.15451098595858,  0.31187606881857,  0.31519135180712,  0.57943032501936,  0.85448580831289,  1.3848016316652,  0.59025660977364,  0.77166619614363,  0.48903128837347,  0.46625343943834,  1.1549580638409,  1.99953200773,  1.8106700676322,  1.1317684866071 ],
			"amp"	: 0,
			"lag"	: 1,
			"d"	: 0,
			"distor"	: 0,
			"amps"	: [ 0.57,  0.78,  0.59,  0.26,  0.02,  0.29,  0.46,  0.16,  0.75,  0.17,  1.78,  0.41,  0.76,  0.57,  1.83,  0.01,  1.95,  0.43,  0.01,  0.35 ]
		},
		"test2"	: {
			"detu_freq"	: 1.748,
			"d"	: 0.0,
			"amp"	: -5.0103426580427,
			"lag_spat"	: 0.2,
			"distor"	: -0.764,
			"pos"	: [ 0.0001,  0.10000000149012,  0.20000000298023,  0.30000001192093,  0.40000000596046,  0.5,  0.60000002384186,  0.69999998807907,  0.80000001192093,  0.89999997615814,  1.0,  1.1000000238419,  1.2000000476837,  1.2999999523163,  1.3999999761581,  1.5,  1.6000000238419,  1.7000000476837,  1.7999999523163,  1.8999999761581 ],
			"buf"	: 4.0,
			"shift"	: 0.0,
			"lag"	: 1.0,
			"ampmod"	: 0.001,
			"amps"	: [ 0.72,  0.4,  0.56,  1.5,  0.88,  1.36,  0.15,  1.88,  0.82,  0.8,  1.6,  1.47,  0.76,  1.71,  1.63,  0.09,  1.12,  0.71,  1.08,  1.56 ],
			"width"	: 2.0,
			"transp"	: 0.215,
			"detune"	: 3.867,
			"lfnoise_amp"	: 0.0,
			"freqs"	: [ 1723.5,  987.77,  141.88,  105.4,  1723.5,  133.69,  1358.71,  2793.83,  4462.17,  105.4,  3314.68,  439.07,  5025.6,  2093.0,  311.13,  146.83,  1624.02,  389.84,  3951.07,  174.61 ]
		}
	}
}