{
	"ParamEq"	: {
		"MR-granos2"	: {
			"rqpeak2"	: 0.56,
			"amphi"	: 0.58633049102198,
			"amp"	: -9.6432746655329e-16,
			"amppeak1"	: 6,
			"amplow"	: -6.2976386316643,
			"freqpeak1"	: 138,
			"freqlow"	: 67,
			"freqpeak3"	: 2829,
			"rqpeak3"	: 1,
			"rqhi"	: 1,
			"amppeak3"	: -1.5216583803649,
			"amppeak2"	: 10.005767510562,
			"rqlow"	: 1,
			"rqpeak1"	: 1,
			"freqhi"	: 5302,
			"freqpeak2"	: 866
		},
		"mort_claque"	: {
			"rqpeak2"	: 1.0,
			"amphi"	: -9.6432746655329e-16,
			"amp"	: -9.6432746655329e-16,
			"amppeak1"	: 20.412380496604,
			"amplow"	: -23.668183920066,
			"freqpeak1"	: 802.33594987002,
			"freqlow"	: 68.553796694602,
			"freqpeak3"	: 3500.0,
			"rqpeak3"	: 1.0,
			"rqhi"	: 1.0,
			"amppeak3"	: -9.6432746655329e-16,
			"amppeak2"	: -9.6432746655329e-16,
			"rqlow"	: 1.0,
			"rqpeak1"	: 0.855,
			"freqhi"	: 6000.0,
			"freqpeak2"	: 1000.0
		},
		"MR-granos1"	: {
			"rqpeak2"	: 0.56,
			"amphi"	: 5.0548907722102,
			"amp"	: -9.6432746655329e-16,
			"amppeak1"	: 6,
			"amplow"	: -6.2976386316643,
			"freqpeak1"	: 138,
			"freqlow"	: 67,
			"freqpeak3"	: 2829,
			"rqpeak3"	: 1,
			"rqhi"	: 1,
			"amppeak3"	: -6,
			"amppeak2"	: 10.005767510562,
			"rqlow"	: 1,
			"rqpeak1"	: 1,
			"freqhi"	: 5302,
			"freqpeak2"	: 866
		},
		"preset0"	: {
			"rqpeak2"	: 0,
			"amphi"	: 0,
			"amp"	: 0,
			"amppeak1"	: 0,
			"amplow"	: 0,
			"freqpeak1"	: 0,
			"freqlow"	: 0,
			"freqpeak3"	: 0,
			"rqpeak3"	: 0,
			"rqhi"	: 0,
			"amppeak3"	: 0,
			"amppeak2"	: 0,
			"rqlow"	: 0,
			"rqpeak1"	: 0,
			"freqhi"	: 0,
			"freqpeak2"	: 0
		},
		"Tball-MR1"	: {
			"rqpeak2"	: 1,
			"amphi"	: 1.6889458793735,
			"amp"	: -9.6432746655329e-16,
			"amppeak1"	: -9.6432746655329e-16,
			"amplow"	: -9.6432746655329e-16,
			"freqpeak1"	: 250,
			"freqlow"	: 100,
			"freqpeak3"	: 3500,
			"rqpeak3"	: 2.705,
			"rqhi"	: 1,
			"amppeak3"	: 10.173458879249,
			"amppeak2"	: 11.596236558924,
			"rqlow"	: 1,
			"rqpeak1"	: 1,
			"freqhi"	: 6000,
			"freqpeak2"	: 631.69038308225
		}
	}
}