{
	"Perc_add_30_res"	: {
		"MR6"	: {
			"freqs"	: [ 93.58,  105.4,  105.4,  179.98,  242.28,  346.14,  349.23,  413.72,  439.07,  591.07,  591.07,  627.27,  659.26,  783.99,  880,  1358.71,  1530.28,  1624.02,  1624.02,  2462.28,  2489.02,  2959.96,  3135.96,  3314.68,  3520,  3951.07,  4978.03,  5274.04,  5919.91,  6006.9 ],
			"transp"	: 1.635,
			"shift"	: 0,
			"amp"	: -8.2141976244069,
			"noise_amp"	: -8.0313031068155,
			"noise_att"	: 0.001,
			"lag"	: 0.001,
			"d"	: 2.6,
			"releaseFactor"	: 0.13,
			"reson"	: [ 1.83,  1.67,  1.67,  1.67,  1.55,  1.69,  1.79,  1.79,  1.79,  1.79,  1.79,  1.79,  1.79,  1.79,  1.79,  1.79,  1.79,  1.79,  1.9,  1.9,  1.9,  1.9,  1.9,  1.9,  1.9,  1.9,  1.9,  1.9,  1.79,  1.79 ],
			"distor"	: 0.084,
			"noise_release"	: 0.213,
			"amps"	: [ 0.73,  0.48,  1.45,  0.75,  1.07,  1.06,  0.08,  1.38,  1.43,  1.42,  1.82,  1.22,  1.66,  0.31,  0.25,  0.85,  1.55,  1.26,  0.42,  0.06,  1.52,  1.72,  0.54,  0.23,  1.74,  1.75,  1.99,  0.65,  0.19,  0.58 ]
		},
		"MR7"	: {
			"freqs"	: [ 20,  364.14,  708.28,  1052.41,  1396.55,  1740.69,  2084.83,  2428.97,  2773.1,  3117.24,  3461.38,  3805.52,  4149.66,  4493.79,  4837.93,  5182.07,  5526.21,  5870.34,  6214.48,  6558.62,  6902.76,  7246.9,  7591.03,  7935.17,  8279.31,  8623.45,  8967.59,  9311.72,  9655.86,  10000 ],
			"transp"	: 0.72,
			"shift"	: 0,
			"amp"	: -11.369460094399,
			"noise_amp"	: -13.889522488345,
			"noise_att"	: 0.001,
			"lag"	: 0.001,
			"d"	: 12.1,
			"releaseFactor"	: 0.12,
			"reson"	: [ 6.3,  6.07,  4.29,  4.67,  4.25,  5.08,  4.77,  5.91,  7.22,  3.67,  2.09,  4.33,  5.51,  3.47,  5.92,  5.81,  5.17,  3.33,  5.65,  4.34,  5.82,  5.67,  4.71,  5.58,  2.71,  3.41,  3.16,  5.35,  3,  2.2 ],
			"distor"	: 0.084,
			"noise_release"	: 0.06,
			"amps"	: [ 0.59,  0.66,  1.37,  0.52,  1.13,  0.75,  0.63,  1.48,  1.6,  1.54,  1.84,  1.44,  1.09,  0.86,  0.77,  0.93,  1.14,  1.53,  0.55,  0.79,  1.7,  1.82,  1.09,  0.89,  1.84,  1.84,  1.99,  1.16,  0.87,  1.11 ]
		},
		"MR2"	: {
			"freqs"	: [ 20,  364.14,  708.28,  1052.41,  1396.55,  1740.69,  2084.83,  2428.97,  2773.1,  3117.24,  3461.38,  3805.52,  4149.66,  4493.79,  4837.93,  5182.07,  5526.21,  5870.34,  6214.48,  6558.62,  6902.76,  7246.9,  7591.03,  7935.17,  8279.31,  8623.45,  8967.59,  9311.72,  9655.86,  10000 ],
			"transp"	: 0.194,
			"shift"	: 0,
			"amp"	: -10.33977328305,
			"noise_amp"	: -10.528771120931,
			"noise_att"	: 0.001,
			"lag"	: 1,
			"d"	: 5.2,
			"releaseFactor"	: 0.13,
			"reson"	: [ 7.3,  6.88,  2.1,  4.49,  1.9,  7.43,  2.59,  8.69,  9.28,  0.9,  4.79,  1.61,  9.09,  6.97,  4.28,  4.56,  4.86,  7.48,  7.54,  7.26,  6.32,  5.78,  5.1,  4.52,  4.07,  3.63,  3.06,  2.6,  2.26,  2.26 ],
			"distor"	: 0.084,
			"noise_release"	: 0.17,
			"amps"	: [ 0.36,  0.95,  1.23,  0.14,  1.22,  0.24,  1.55,  1.66,  1.89,  1.74,  1.87,  1.82,  0.13,  1.77,  1.64,  1.07,  0.45,  1.99,  0.77,  2,  2,  2,  2,  2,  2,  2,  2,  2,  2,  2 ]
		},
		"MR3"	: {
			"freqs"	: [ 20,  364.14,  708.28,  1052.41,  1396.55,  1740.69,  2084.83,  2428.97,  2773.1,  3117.24,  3461.38,  3805.52,  4149.66,  4493.79,  4837.93,  5182.07,  5526.21,  5870.34,  6214.48,  6558.62,  6902.76,  7246.9,  7591.03,  7935.17,  8279.31,  8623.45,  8967.59,  9311.72,  9655.86,  10000 ],
			"transp"	: 0.194,
			"shift"	: 0,
			"amp"	: -10.33977328305,
			"noise_amp"	: -10.528771120931,
			"noise_att"	: 0.001,
			"lag"	: 1,
			"d"	: 5.2,
			"releaseFactor"	: 0.13,
			"reson"	: [ 7.3,  6.88,  2.1,  4.49,  1.9,  7.43,  2.59,  8.69,  9.28,  0.9,  4.79,  1.61,  9.09,  6.97,  4.28,  4.56,  4.86,  7.48,  7.54,  7.26,  6.32,  5.78,  5.1,  4.52,  4.07,  3.63,  3.06,  2.6,  2.26,  2.26 ],
			"distor"	: 0.084,
			"noise_release"	: 0.17,
			"amps"	: [ 0.36,  0.95,  1.23,  0.14,  1.22,  0.24,  1.55,  1.66,  1.89,  1.74,  1.87,  1.82,  0.13,  1.77,  1.64,  1.07,  0.45,  1.99,  0.77,  2,  2,  2,  2,  2,  2,  2,  2,  2,  2,  2 ]
		},
		"MR4_2"	: {
			"freqs"	: [ 20,  364.14,  708.28,  1052.41,  1396.55,  1740.69,  2084.83,  2428.97,  2773.1,  3117.24,  3461.38,  3805.52,  4149.66,  4493.79,  4837.93,  5182.07,  5526.21,  5870.34,  6214.48,  6558.62,  6902.76,  7246.9,  7591.03,  7935.17,  8279.31,  8623.45,  8967.59,  9311.72,  9655.86,  10000 ],
			"transp"	: 0.152,
			"shift"	: 0,
			"amp"	: -15.756514549255,
			"noise_amp"	: -13.88952255249,
			"noise_att"	: 0.001,
			"lag"	: 0.001,
			"d"	: 5.2,
			"releaseFactor"	: 0.09,
			"reson"	: [ 2.26,  2.26,  2.26,  2.26,  2.26,  2.26,  2.26,  2.26,  2.26,  2.26,  2.26,  2.02,  1.91,  1.67,  1.79,  1.79,  1.79,  1.9,  1.9,  1.9,  1.9,  1.9,  1.9,  1.9,  1.9,  1.9,  1.87,  1.8,  1.79,  2.26 ],
			"distor"	: 0.084,
			"noise_release"	: 0.06,
			"amps"	: [ 0.36,  0.95,  1.23,  0.14,  1.22,  0.24,  1.55,  1.66,  1.89,  1.74,  1.87,  1.82,  0.13,  1.77,  1.64,  1.07,  0.45,  1.99,  0.77,  2,  2,  2,  2,  2,  2,  2,  2,  2,  2,  2 ]
		},
		"Olivier-ev20-L"	: {
			"d"	: 20.4,
			"releaseFactor"	: 0.05,
			"noise_att"	: 0,
			"amp"	: -4.615395817964,
			"distor"	: 0,
			"reson"	: [ 7.8,  7.83,  7.59,  5.68,  0.83,  4,  0.8,  3.89,  6.35,  4.07,  4.74,  0.99,  4.65,  7.46,  6.99,  0.7,  1.04,  9.54,  9.51,  8.27,  9.17,  5.27,  9.24,  3.02,  9.53,  3.21,  6.24,  8,  7.57,  5.13 ],
			"noise_release"	: 0.111,
			"shift"	: 91.525629360024,
			"noise_amp"	: -6,
			"lag"	: 1,
			"amps"	: [ 1.32,  0.83,  0.84,  0.9,  1.94,  1.19,  0.55,  0.65,  0.34,  0.02,  1.36,  1.09,  1.64,  1.29,  1.08,  0.37,  1.7,  0.53,  0.95,  1.88,  0.4,  0.72,  0.93,  1.71,  1.55,  1.18,  0.46,  0.47,  1.89,  1.26 ],
			"transp"	: 3.098,
			"freqs"	: [ 75.75,  75.75,  75.75,  75.75,  75.75,  75.01,  60.2,  56.35,  48.6,  48.6,  55.9,  69.93,  70.35,  109.66,  109.66,  109.66,  109.66,  103.05,  92.1,  81.57,  75.75,  75.56,  65.33,  60.67,  56.35,  49.73,  48.6,  58.61,  81.57,  94.57 ]
		},
		"Olivier-ev20"	: {
			"freqs"	: [ 75.75,  75.75,  75.75,  75.75,  75.75,  75.01,  60.2,  56.35,  48.6,  48.6,  55.9,  69.93,  70.35,  109.66,  109.66,  109.66,  109.66,  103.05,  92.1,  81.57,  75.75,  75.56,  65.33,  60.67,  56.35,  49.73,  48.6,  58.61,  81.57,  94.57 ],
			"transp"	: 1.612,
			"shift"	: 0,
			"amp"	: -4.615395817964,
			"noise_amp"	: -6,
			"noise_att"	: 0,
			"lag"	: 1,
			"d"	: 20.4,
			"releaseFactor"	: 0.05,
			"reson"	: [ 7.8,  7.83,  7.59,  5.68,  0.83,  4,  0.8,  3.89,  6.35,  4.07,  4.74,  0.99,  4.65,  7.46,  6.99,  0.7,  1.04,  9.54,  9.51,  8.27,  9.17,  5.27,  9.24,  3.02,  9.53,  3.21,  6.24,  8,  7.57,  5.13 ],
			"distor"	: 0,
			"noise_release"	: 0.111,
			"amps"	: [ 1.32,  0.83,  0.84,  0.9,  1.94,  1.19,  0.55,  0.65,  0.34,  0.02,  1.36,  1.09,  1.64,  1.29,  1.08,  0.37,  1.7,  0.53,  0.95,  1.88,  0.4,  0.72,  0.93,  1.71,  1.55,  1.18,  0.46,  0.47,  1.89,  1.26 ]
		},
		"MR1"	: {
			"freqs"	: [ 20,  364.14,  708.28,  1052.41,  1396.55,  1740.69,  2084.83,  2428.97,  2773.1,  3117.24,  3461.38,  3805.52,  4149.66,  4493.79,  4837.93,  5182.07,  5526.21,  5870.34,  6214.48,  6558.62,  6902.76,  7246.9,  7591.03,  7935.17,  8279.31,  8623.45,  8967.59,  9311.72,  9655.86,  10000 ],
			"transp"	: 0.258,
			"shift"	: 0,
			"amp"	: -22.046551254201,
			"noise_amp"	: -21.998311804972,
			"noise_att"	: 0.001,
			"lag"	: 1,
			"d"	: 45,
			"releaseFactor"	: 0.13,
			"reson"	: [ 0.09,  9.36,  5.65,  3,  7.83,  0.54,  4.12,  1.63,  9.46,  4.33,  9.96,  4.82,  3.78,  0.77,  2.49,  0,  2.41,  9.47,  0.51,  2.09,  8.71,  2.92,  3.18,  6.75,  9.46,  7.35,  8.94,  1.81,  7.9,  2.68 ],
			"distor"	: 0,
			"noise_release"	: 0.1,
			"amps"	: [ 0.81,  0.58,  0.45,  1.24,  1.41,  0.63,  0.87,  0.62,  0.62,  1.14,  0.6,  1.33,  1.12,  0.26,  1.14,  0.6,  0.05,  1.88,  1.89,  1.21,  2,  2,  2,  2,  2,  2,  2,  2,  2,  2 ]
		},