{
	"Perc_mod_30_res"	: {
		"test"	: {
			"mod"	: 1,
			"d"	: 0,
			"releaseFactor"	: 1,
			"noise_att"	: 0.001,
			"amp"	: 0,
			"distor"	: 0,
			"reson"	: [ 0.04,  0.03,  0.08,  0.05,  0.03,  0.07,  0.06,  0.08,  0.07,  0.07,  0.07,  0.04,  0.03,  0.03,  0.07,  0.06,  0.04,  0.03,  0.06,  0.07,  0.03,  0.04,  0.06,  0.08,  0.03,  0.03,  0.05,  0.05,  0.05,  0.02 ],
			"noise_release"	: 0.1,
			"shift"	: 0,
			"noise_amp"	: -6,
			"lag"	: 1,
			"amps"	: [ 0.09,  0.05,  0.02,  0.03,  0.03,  0.07,  0.07,  0.09,  0.06,  0.05,  0.04,  0.08,  0.06,  0.07,  0.08,  0.03,  0.02,  0.09,  0.05,  0.09,  0.02,  0.09,  0.05,  0.06,  0.04,  0.05,  0.05,  0.02,  0.05,  0.07 ],
			"transp"	: 1,
			"pm"	: 1,
			"freqs"	: [ 5587.65,  2217.46,  3733.22,  6006.9,  93.58,  2489.02,  2959.96,  3517.73,  367.34,  146.83,  2637.02,  413.72,  7179.81,  246.94,  1941.12,  1136.75,  130.81,  2186.23,  1661.22,  4434.92,  6006.9,  123.47,  159.8,  6006.9,  1071.14,  3322.44,  2186.23,  118.71,  1206.39,  389.84 ],
			"pmid"	: 5
		},
		"MR2"	: {
			"mod"	: 6.576,
			"d"	: 93.6,
			"releaseFactor"	: 0.39,
			"noise_att"	: 0.872,
			"amp"	: -15.589322577481,
			"distor"	: 0.371,
			"reson"	: [ 2.48,  3.47,  2.92,  8.35,  8.53,  6.78,  6.72,  6.04,  7.91,  9.47,  4.12,  5.25,  2.8,  0.15,  2.18,  6.6,  3.58,  7.07,  7.33,  2.28,  3.81,  7.97,  7.23,  4.22,  2.77,  7.29,  9.41,  4.92,  2.76,  3.84 ],
			"noise_release"	: 0.925,
			"shift"	: -665.11859893799,
			"noise_amp"	: -64.324159213656,
			"lag"	: 0.305,
			"amps"	: [ 2,  2,  2,  1.51,  0.88,  1.04,  0.19,  1.3,  0.63,  0.75,  0.69,  1.32,  1.79,  0.27,  0.96,  0.02,  0.91,  1.19,  1.74,  1.28,  1.91,  1.29,  0.92,  0.9,  0.18,  0.02,  0.31,  0.97,  0.49,  1.63 ],
			"transp"	: 0.844,
			"pm"	: 239.538,
			"freqs"	: [ 20,  364.14,  708.28,  1052.41,  1396.55,  1740.69,  2084.83,  2428.97,  2773.1,  3117.24,  3461.38,  3805.52,  4149.66,  4493.79,  4837.93,  5182.07,  5526.21,  5870.34,  6214.48,  6558.62,  6902.76,  7246.9,  7591.03,  7935.17,  8279.31,  8623.45,  8967.59,  9311.72,  9655.86,  10000 ],
			"pmid"	: 368.266
		},
		"MR3"	: {
			"freqs"	: [ 98,  105.4,  125.98,  169.59,  202.7,  220,  242.28,  272.87,  311.13,  367.34,  389.84,  439.07,  440,  493.88,  627.27,  627.27,  698.46,  739.99,  896.15,  932.33,  932.33,  1174.66,  1624.02,  1723.5,  2060.03,  2320.15,  4462.17,  5660.17,  5660.17,  5919.91 ],
			"d"	: 1.8,
			"releaseFactor"	: 4.88,
			"noise_att"	: 1.032,
			"amp"	: -15.589322577481,
			"distor"	: 0.128,
			"reson"	: [ 2.48,  3.47,  2.92,  6.43,  6.43,  6.78,  6.72,  6.04,  7.91,  6.67,  4.12,  5.25,  2.8,  0.15,  2.18,  6.6,  3.58,  7.07,  7.33,  2.28,  3.81,  7.97,  7.23,  4.22,  2.77,  7.29,  6.07,  4.92,  2.76,  3.84 ],
			"noise_release"	: 1.775,
			"shift"	: 86.431789398193,
			"noise_amp"	: -60.558933069886,
			"lag"	: 0.001,
			"amps"	: [ 1.79,  0.13,  1.19,  0.71,  0.97,  1.46,  0.09,  1.1,  0.36,  0.31,  0.22,  1,  0.62,  1.17,  0.55,  1.05,  0.07,  1.25,  1.59,  1.2,  1.74,  0.06,  0.2,  1.75,  1.22,  0.8,  0.4,  1.88,  1.05,  0.29 ],
			"transp"	: 0.109,
			"pm"	: 34.121,
			"pmid"	: 0.252,
			"mod"	: 0.132
		},
		"perc_vbap1"	: {
			"mod"	: 3.817,
			"d"	: 0,
			"releaseFactor"	: 0.93,
			"noise_att"	: 0,
			"amp"	: -7.5638809171018,
			"distor"	: 0.002,
			"reson"	: [ 1.42,  2.55,  9.35,  4.97,  3.42,  4.99,  1.81,  7.03,  9.05,  1.65,  6.98,  1.61,  3.83,  4.05,  3.4,  1.23,  10,  2.98,  7.96,  9.57,  4.43,  0.01,  3.59,  8.34,  1.3,  3.75,  2.88,  3.64,  3.56,  4.43 ],
			"noise_release"	: 0.001,
			"shift"	: -257.18679428101,
			"noise_amp"	: -127.40503566376,
			"lag"	: 0.053,
			"amps"	: [ 0.15,  1.15,  1.21,  1.67,  0.35,  0.45,  1.84,  1.07,  1.4,  1.05,  0.54,  0.37,  1.62,  1.99,  0.39,  0.97,  1.12,  0.43,  0.66,  0.53,  0.34,  1.82,  0.1,  0.52,  0.9,  0.11,  1.6,  1.23,  1.35,  1.79 ],
			"transp"	: 2.174,
			"pm"	: 146.344,
			"pmid"	: 389.676,
			"freqs"	: [ 20,  364.14,  708.28,  1052.41,  1396.55,  1740.69,  2084.83,  2428.97,  2773.1,  3117.24,  3461.38,  3805.52,  4149.66,  4493.79,  4837.93,  5182.07,  5526.21,  5870.34,  6214.48,  6558.62,  6902.76,  7246.9,  7591.03,  7935.17,  8279.31,  8623.45,  8967.59,  9311.72,  9655.86,  10000 ]
		},
		"perc_vbap2"	: {
			"pmid"	: 6.608,
			"d"	: 0,
			"releaseFactor"	: 0.93,
			"noise_att"	: 0,
			"amp"	: -7.5638809171018,
			"distor"	: 0.002,
			"reson"	: [ 1.42,  2.55,  9.35,  4.97,  3.42,  4.99,  1.81,  7.03,  9.05,  1.65,  6.98,  1.61,  3.83,  4.05,  3.4,  1.23,  10,  2.98,  7.96,  9.57,  4.43,  0.01,  3.59,  8.34,  1.3,  3.75,  2.88,  3.64,  3.56,  4.43 ],
			"noise_release"	: 0.001,
			"shift"	: -257.18679428101,
			"noise_amp"	: -127.40503566376,
			"lag"	: 0.053,
			"amps"	: [ 0.15,  1.15,  1.21,  1.67,  0.35,  0.45,  1.84,  1.07,  1.4,  1.05,  0.54,  0.37,  1.62,  1.99,  0.39,  0.97,  1.12,  0.43,  0.66,  0.53,  0.34,  1.82,  0.1,  0.52,  0.9,  0.11,  1.6,  1.23,  1.35,  1.79 ],
			"transp"	: 4.172,
			"pm"	: 0.001,
			"freqs"	: [ 138.59,  174.61,  196,  207.65,  215.12,  228.3,  246.94,  307.33,  311.13,  349.23,  367.34,  369.99,  415.3,  466.16,  493.88,  524.8,  622.25,  627.27,  1046.5,  1244.51,  2093,  2637.02,  2637.02,  2959.96,  3733.22,  4698.64,  5025.6,  5919.91,  6006.9,  6374.87 ],
			"mod"	: 0.001
		},
		"default"	: {
			"pmid"	: 5,
			"d"	: 0,
			"releaseFactor"	: 1,
			"noise_att"	: 0.001,
			"amp"	: 0,
			"distor"	: 0,
			"reson"	: [ 8.38,  5.63,  5.4,  8.92,  7.59,  6.8,  4.33,  6.13,  2.18,  3.42,  6.8,  9.53,  0.85,  9.84,  5.34,  6.29,  6.37,  2.34,  9.98,  4.45,  4.38,  2.67,  1.21,  5.68,  4.37,  7.14,  1.07,  5.97,  8.6,  2.3 ],
			"noise_release"	: 0.1,
			"shift"	: 0,
			"noise_amp"	: -6,
			"lag"	: 1,
			"amps"	: [ 0.2,  1.66,  1.02,  0.86,  1.13,  0.94,  0.84,  0.1,  1.09,  0.33,  0.01,  0.88,  0.84,  0.6,  0.29,  1.89,  0.69,  0.36,  0.01,  0.01,  1.24,  1.97,  0.19,  0.35,  0.12,  0.58,  0.01,  1.75,  0.19,  0.61 ],
			"transp"	: 1,
			"pm"	: 1,
			"freqs"	: [ 8763.8,  180.93,  7991.79,  26.54,  3784.8,  9521.74,  4060.93,  616.79,  5668.29,  1726,  392.85,  543.88,  877.87,  375.63,  756.63,  61.04,  89.3,  279.68,  47.32,  90.98,  2315.88,  582.49,  136.83,  35.43,  20.01,  776.37,  29.75,  26.93,  33.56,  84.9 ],
			"mod"	: 1
		},
		"test2"	: {
			"freqs"	: [ 92.5,  118.71,  125.98,  133.69,  138.59,  169.59,  174.61,  185,  191,  191,  196,  207.65,  246.94,  272.87,  346.14,  392,  392,  493.88,  587.33,  591.07,  706.48,  749.75,  795.68,  951.05,  1071.14,  1567.98,  1941.12,  1941.12,  3520,  3520 ],
			"d"	: 0,
			"releaseFactor"	: 1,
			"noise_att"	: 0.001,
			"amp"	: 0,
			"distor"	: 0,
			"reson"	: [ 8.95,  5.21,  2.61,  2.91,  5.16,  4.23,  9.7,  3.48,  5.06,  4.3,  0.66,  1.4,  4.96,  4.33,  9.6,  4.06,  9.15,  3.68,  8.06,  9.18,  2.1,  3.15,  6.52,  3.49,  1.12,  3.86,  2.21,  7.41,  9.07,  0.31 ],
			"noise_release"	: 0.1,
			"shift"	: 0,
			"noise_amp"	: -42.092406639781,
			"lag"	: 1,
			"amps"	: [ 1.87,  0.74,  1.64,  0.17,  1.14,  0.02,  0.84,  0.4,  0.1,  1.8,  0.72,  1.68,  0.56,  0.13,  0.75,  0.28,  0.7,  0.45,  0.74,  0.69,  0.9,  1.09,  1.13,  0.71,  1.69,  1.76,  0.01,  0.14,  1.52,  0.22 ],
			"transp"	: 1,
			"pm"	: 1,
			"pmid"	: 5,
			"mod"	: 1
		},
		"perc_vbap3"	: {
			"mod"	: 0.001,
			"d"	: 138.1,
			"releaseFactor"	: 0.93,
			"noise_att"	: 0,
			"amp"	: -7.5638809171018,
			"distor"	: 0.002,
			"reson"	: [ 1.42,  2.55,  9.35,  4.97,  3.42,  4.99,  1.81,  7.03,  9.05,  1.65,  6.98,  1.61,  3.83,  4.05,  3.4,  1.23,  10,  2.98,  7.96,  9.57,  4.43,  0.01,  3.59,  8.34,  1.3,  3.75,  2.88,  3.64,  3.56,  4.43 ],
			"noise_release"	: 0.001,
			"shift"	: 826.12475988272,
			"noise_amp"	: -127.40503566376,
			"lag"	: 0.053,
			"amps"	: [ 0.15,  1.15,  1.21,  1.67,  0.35,  0.45,  1.84,  1.07,  1.4,  1.05,  0.54,  0.37,  1.62,  1.99,  0.39,  0.97,  1.12,  0.43,  0.66,  0.53,  0.34,  1.82,  0.1,  0.52,  0.9,  0.11,  1.6,  1.23,  1.35,  1.79 ],
			"transp"	: 4.172,
			"pm"	: 244.231,