{
	"Synth_tw_0049"	: {
		"test2"	: {
			"f1"	: 3.963,
			"f2"	: 66.18,
			"f5"	: 134.446,
			"amp"	: 0,
			"f4"	: 761.938
		},
		"bueno"	: {
			"f5"	: 149.299,
			"amp"	: -11.302847094082,
			"f1"	: 3.671,
			"f2"	: 195.64,
			"f4"	: 720.512
		},
		"default"	: {
			"f5"	: 33,
			"amp"	: -20,
			"f1"	: 9,
			"f2"	: 9,
			"f4"	: 99
		},
		"robot1"	: {
			"f5"	: 128.147,
			"amp"	: -5.2730353152958,
			"f1"	: 39.44,
			"f2"	: 33.6,
			"f4"	: 1189.091
		},
		"MR1"	: {
			"f5"	: 104.735,
			"amp"	: -11.302847094082,
			"f1"	: 27.547,
			"f2"	: 17.79,
			"f4"	: 646.373
		},
		"test1"	: {
			"f5"	: 133.616,
			"amp"	: -1.4954558767301,
			"f1"	: 27.909,
			"f2"	: 94.69,
			"f4"	: 1948.105
		},
		"rand1"	: {
			"f5"	: 55.285,
			"amp"	: -11.302847094082,
			"f1"	: 33.472,
			"f2"	: 52.99,
			"f4"	: 905.123
		},
		"Noise1"	: {
			"f5"	: 153.305,
			"amp"	: -11.302847094082,
			"f1"	: 0.222,
			"f2"	: 104.26,
			"f4"	: 445.19
		},
		"rand2"	: {
			"f5"	: 83.838,
			"amp"	: -7.2292933978651,
			"f1"	: 43.76,
			"f2"	: 90.96,
			"f4"	: 1361.351
		}
	}
}