{
	"Synth_tw_0045"	: {
		"pintas1"	: {
			"f5"	: 18.073,
			"amp"	: -4.5994206751207,
			"f4"	: 4.331,
			"f1"	: 1.617,
			"f3"	: 37.026749559523,
			"f2"	: 9.33,
			"f6"	: 3.368
		},
		"MR1"	: {
			"f2"	: 200,
			"f5"	: 3.491,
			"f4"	: 0.603,
			"f6"	: 7.308,
			"f1"	: 0.685,
			"amp"	: -10.140931109042,
			"f3"	: 324.99616894395
		},
		"preset0"	: {
			"f1"	: 0,
			"f3"	: 0,
			"f2"	: 0,
			"f4"	: 0
		},
		"MR2"	: {
			"f2"	: 93.27,
			"f5"	: 0.26,
			"f4"	: 2.125,
			"f6"	: 5.83,
			"f1"	: 5.444,
			"amp"	: -10.140931109042,
			"f3"	: 471.05898218417
		},
		"MR3"	: {
			"f2"	: 104.9,
			"f5"	: 3.998,
			"f4"	: 1.676,
			"f6"	: 59.354,
			"f1"	: 10.752,
			"amp"	: -10.140931109042,
			"f3"	: 799.72527822346
		}
	}
}