{
	"Synth_tw_TDuty05"	: {
		"continuo2"	: {
			"p1"	: 67.92,
			"gain"	: 65.14,
			"amp"	: -10.735814949014,
			"f1"	: 93.0,
			"rq"	: 0.14,
			"z"	: 16.0
		},
		"MR1"	: {
			"z"	: 17,
			"f1"	: 9,
			"gain"	: 43.39,
			"p1"	: 83.25,
			"amp"	: 3.4815751358166,
			"rq"	: 0.02
		},
		"glitch1"	: {
			"rq"	: 0.19,
			"f1"	: 32.0,
			"gain"	: 60.54,
			"p1"	: 113.78,
			"z"	: 2.0,
			"amp"	: -8.9185609238658
		},
		"preset0"	: {
			"p1"	: 0,
			"f1"	: 0,
			"z"	: 0,
			"gain"	: 0,
			"rq"	: 0
		},
		"MR2"	: {
			"z"	: 21,
			"f1"	: 55,
			"gain"	: 43.39,
			"p1"	: 65.22,
			"amp"	: -1.8635239312177,
			"rq"	: 0.06
		},
		"continuo1"	: {
			"z"	: 17.0,
			"f1"	: 19.0,
			"gain"	: 59.46,
			"p1"	: 51.76,
			"amp"	: -8.9185609238658,
			"rq"	: 0.07
		}
	}
}