{
	"SynthBasic1"	: {
		"mr_bajo1"	: {
			"sawwidth"	: 0.08936406834496,
			"amp"	: 0.71667705949062,
			"width"	: 8,
			"freq"	: 35.018016786303,
			"rq"	: 0.408,
			"fc"	: 223.31,
			"pos"	: 0.077
		},
		"preset0"	: {
			"sawwidth"	: 0,
			"pos"	: 0,
			"fc"	: 0,
			"width"	: 0,
			"freq"	: 0,
			"rq"	: 0
		}
	}
}