{
	"TAddic_5_8_amp_mod"	: {
		"default"	: {
			"d"	: 0,
			"amp"	: 0,
			"lag_spat"	: 0.2,
			"distor"	: 0,
			"pos"	: [ 0.70241645255089,  1.8158365783215,  0.23152682644129,  0.34855421795845,  0.15785535455942 ],
			"shift"	: 0,
			"lag"	: 1,
			"amps"	: [1.21, 0.17, 0.47, 0.75, 0.9],
			"width"	: 2,
			"transp"	: 1,
			"lfnoise_amp"	: 0.001,
			"freqs"	: [135.57, 286.52, 9317.34, 210.68, 66.24]
		}
	}
}