{
	"TAddic_20_8_mod_mono"	: {
		"default"	: {
			"ampmod"	: 0.001,
			"lfnoise_amp"	: 0,
			"freqs"	: [ 1853.94,  114.21,  82.43,  35.51,  50.94,  689.66,  4075.41,  3201.36,  918.71,  7056.7,  2724.42,  519.3,  86.02,  2377.06,  3023.17,  6897.08,  577.11,  1073.39,  8286.3,  73.01 ],
			"transp"	: 1,
			"width"	: 2,
			"shift"	: 0,
			"lag_spat"	: 0.2,
			"pos"	: [ 0.77990815272331,  1.99092624259,  1.1007548796654,  1.1425778444886,  1.8106998684645,  0.47661340076923,  1.0534886140227,  0.76195756180286,  0.82714342550039,  0.44987204114199,  0.20322771770954,  1.2396165065646,  1.7499900897741,  0.88805227375031,  0.070481698405743,  0.76100536561012,  0.69707066005468,  0.030172139048576,  1.6708910519123,  0.51129584777355 ],
			"amp"	: 0,
			"lag"	: 1,
			"d"	: 0,
			"distor"	: 0,
			"amps"	: [ 0.24,  1.41,  0.21,  0.1,  0.63,  0.71,  0.67,  0.56,  0.68,  0.52,  0.94,  0.07,  0.78,  1.04,  0.71,  0.26,  0.29,  0.0,  1.42,  1.12 ]
		},
		"psycho1"	: {
			"ampmod"	: 0.667,
			"lfnoise_amp"	: 0.434,
			"freqs"	: [ 110.0,  133.69,  146.83,  185.0,  202.7,  202.7,  246.94,  257.12,  329.63,  665.7,  1009.31,  1136.75,  1136.75,  1760.0,  1941.12,  2093.0,  2773.18,  3951.07,  3951.07,  6765.38 ],
			"transp"	: 1.311,
			"width"	: 2.0,
			"shift"	: 0.0,
			"lag_spat"	: 0.2,
			"pos"	: [ 0.0001,  0.10000000149012,  0.20000000298023,  0.30000001192093,  0.40000000596046,  0.5,  0.60000002384186,  0.69999998807907,  0.80000001192093,  0.89999997615814,  1.0,  1.1000000238419,  1.2000000476837,  1.2999999523163,  1.3999999761581,  1.5,  1.6000000238419,  1.7000000476837,  1.7999999523163,  1.8999999761581 ],
			"amp"	: -17.774166894908,
			"lag"	: 0.26,
			"d"	: 3.5,
			"distor"	: 0.0,
			"amps"	: [ 1.74,  1.37,  1.59,  0.02,  1.64,  0.83,  1.48,  1.28,  1.38,  1.05,  0.32,  0.06,  0.43,  1.21,  0.13,  0.47,  0.51,  1.18,  1.07,  1.88 ]
		},
		"psycho2"	: {
			"ampmod"	: 0.0,
			"lfnoise_amp"	: 0.434,
			"freqs"	: [ 92.5,  130.81,  130.81,  164.81,  215.12,  233.08,  466.16,  556.95,  1358.71,  1530.28,  1829.08,  2060.03,  2489.02,  2613.11,  4186.01,  4698.64,  4735.51,  5274.04,  5333.46,  5919.91 ],
			"transp"	: 1.311,
			"width"	: 2.0,
			"shift"	: 0.0,
			"lag_spat"	: 0.2,
			"pos"	: [ 0.0001,  0.10000000149012,  0.20000000298023,  0.30000001192093,  0.40000000596046,  0.5,  0.60000002384186,  0.69999998807907,  0.80000001192093,  0.89999997615814,  1.0,  1.1000000238419,  1.2000000476837,  1.2999999523163,  1.3999999761581,  1.5,  1.6000000238419,  1.7000000476837,  1.7999999523163,  1.8999999761581 ],
			"amp"	: -17.774166894908,
			"lag"	: 0.26,
			"d"	: 3.5,
			"distor"	: 0.0,
			"amps"	: [ 1.74,  1.37,  1.59,  0.02,  1.64,  0.83,  1.48,  1.28,  1.38,  1.05,  0.32,  0.06,  0.43,  1.21,  0.13,  0.47,  0.51,  1.18,  1.07,  1.88 ]
		},
		"psycho4"	: {
			"ampmod"	: 0.0,
			"lfnoise_amp"	: 0.434,
			"freqs"	: [ 125.98,  133.69,  146.83,  164.81,  179.98,  207.65,  220.0,  272.87,  494.51,  554.37,  556.95,  556.95,  627.27,  1136.75,  1174.66,  1723.5,  1975.53,  2943.06,  5274.04,  6765.38 ],
			"transp"	: 0.976,
			"width"	: 2.0,
			"shift"	: 0.0,
			"lag_spat"	: 0.2,
			"pos"	: [ 0.0001,  0.10000000149012,  0.20000000298023,  0.30000001192093,  0.40000000596046,  0.5,  0.60000002384186,  0.69999998807907,  0.80000001192093,  0.89999997615814,  1.0,  1.1000000238419,  1.2000000476837,  1.2999999523163,  1.3999999761581,  1.5,  1.6000000238419,  1.7000000476837,  1.7999999523163,  1.8999999761581 ],
			"amp"	: -12.109705450662,
			"lag"	: 0.26,
			"d"	: 3.5,
			"distor"	: 0.0,
			"amps"	: [ 0.15,  0.55,  0.54,  0.54,  1.57,  0.31,  0.33,  0.26,  1.82,  1.25,  1.66,  0.33,  0.6,  1.78,  0.48,  0.75,  0.45,  0.28,  0.84,  0.74 ]
		},
		"psycho6"	: {
			"d"	: 3.5,
			"amp"	: -12.109705450662,
			"lag_spat"	: 0.2,
			"distor"	: 0.0,
			"pos"	: [ 0.0001,  0.10000000149012,  0.20000000298023,  0.30000001192093,  0.40000000596046,  0.5,  0.60000002384186,  0.69999998807907,  0.80000001192093,  0.89999997615814,  1.0,  1.1000000238419,  1.2000000476837,  1.2999999523163,  1.3999999761581,  1.5,  1.6000000238419,  1.7000000476837,  1.7999999523163,  1.8999999761581 ],
			"shift"	: 0.0,
			"lag"	: 0.26,
			"amps"	: [ 0.15,  0.55,  0.54,  0.54,  1.57,  0.31,  0.33,  0.26,  1.82,  1.25,  1.66,  0.33,  0.6,  1.78,  0.48,  0.75,  0.45,  0.28,  0.84,  0.74 ],
			"ampmod"	: 0.0,
			"width"	: 2.0,
			"transp"	: 0.976,
			"lfnoise_amp"	: 0.434,
			"freqs"	: [ 133.69,  174.61,  174.61,  346.14,  493.88,  706.48,  783.99,  830.61,  844.42,  1136.75,  1244.51,  1479.98,  3314.68,  4462.17,  4735.51,  5274.04,  5274.04,  5587.65,  6765.38,  7179.82 ]
		},
		"psycho3"	: {
			"ampmod"	: 0.0,
			"lfnoise_amp"	: 0.434,
			"freqs"	: [ 133.69,  138.59,  138.59,  146.83,  196.0,  439.07,  622.25,  622.25,  659.26,  665.7,  665.7,  795.68,  1206.39,  1206.39,  1396.91,  2186.23,  3733.22,  4698.64,  4978.03,  5274.04 ],
			"transp"	: 0.491,
			"width"	: 2.0,
			"shift"	: 0.0,
			"lag_spat"	: 0.2,
			"pos"	: [ 0.0001,  0.10000000149012,  0.20000000298023,  0.30000001192093,  0.40000000596046,  0.5,  0.60000002384186,  0.69999998807907,  0.80000001192093,  0.89999997615814,  1.0,  1.1000000238419,  1.2000000476837,  1.2999999523163,  1.3999999761581,  1.5,  1.6000000238419,  1.7000000476837,  1.7999999523163,  1.8999999761581 ],
			"amp"	: -12.109705450662,
			"lag"	: 0.26,
			"d"	: 3.5,
			"distor"	: 0.0,
			"amps"	: [ 1.74,  1.37,  1.59,  0.02,  1.64,  0.83,  1.48,  1.28,  1.38,  1.05,  0.32,  0.06,  0.43,  1.21,  0.13,  0.47,  0.51,  1.18,  1.07,  1.88 ]
		},
		"psycho5"	: {
			"ampmod"	: 0.0,
			"lfnoise_amp"	: 0.434,
			"freqs"	: [ 111.85,  146.83,  196.0,  228.3,  293.66,  307.33,  413.72,  493.88,  556.95,  622.25,  698.46,  783.99,  830.61,  1174.66,  1206.39,  2349.32,  2637.02,  3123.35,  3135.96,  5919.91 ],
			"transp"	: 0.976,
			"width"	: 2.0,
			"shift"	: 0.0,
			"lag_spat"	: 0.2,
			"pos"	: [ 0.0001,  0.10000000149012,  0.20000000298023,  0.30000001192093,  0.40000000596046,  0.5,  0.60000002384186,  0.69999998807907,  0.80000001192093,  0.89999997615814,  1.0,  1.1000000238419,  1.2000000476837,  1.2999999523163,  1.3999999761581,  1.5,  1.6000000238419,  1.7000000476837,  1.7999999523163,  1.8999999761581 ],
			"amp"	: -12.109705450662,
			"lag"	: 0.26,
			"d"	: 3.5,
			"distor"	: 0.0,
			"amps"	: [ 0.15,  0.55,  0.54,  0.54,  1.57,  0.31,  0.33,  0.26,  1.82,  1.25,  1.66,  0.33,  0.6,  1.78,  0.48,  0.75,  0.45,  0.28,  0.84,  0.74 ]
		}
	}
}