{
	"TAddic_15_8"	: {
		"freqs2"	: {
			"distor"	: 0,
			"shift"	: 468.49863512284,
			"d"	: 1.8,
			"freqs"	: [ 110,  123.47,  150.58,  439.07,  1136.75,  1244.51,  1358.71,  1396.91,  1441.95,  1479.98,  1661.22,  2186.23,  3322.44,  4186.01,  5660.17 ],
			"lag_spat"	: 0.2,
			"width"	: 2,
			"amps"	: [ 1.18,  1.53,  1.96,  0.4,  0.54,  1.41,  1.33,  0.71,  0.59,  1.04,  1.05,  0.95,  1.13,  0,  0 ],
			"pos"	: [ 0.0001,  0.13333334028721,  0.26666668057442,  0.40000000596046,  0.53333336114883,  0.66666668653488,  0.80000001192093,  0.93333333730698,  1.0666667222977,  1.2000000476837,  1.3333333730698,  1.4666666984558,  1.6000000238419,  1.7333333492279,  1.866666674614 ],
			"transp"	: 3.519,
			"lag"	: 1,
			"lfnoise_amp"	: 0.001,
			"amp"	: -30.353135715969
		},
		"toto"	: {
			"distor"	: 0,
			"shift"	: 0,
			"d"	: 0,
			"freqs"	: [ 87.31,  233.08,  392,  493.88,  494.51,  554.37,  622.25,  844.42,  1941.12,  1975.53,  2349.32,  2943.06,  2943.06,  6006.9,  6006.9 ],
			"lag_spat"	: 0.2,
			"width"	: 2,
			"amps"	: [ 1.17,  0.2,  0.64,  0.2,  1.15,  0.32,  0.86,  0.02,  1.85,  1.08,  0.31,  1.78,  1.28,  1.17,  0.91 ],
			"pos"	: [ 1.705235004425,  0.71068453788757,  1.452743768692,  1.4731428623199,  1.4908213615417,  1.4833297729492,  0.62604308128357,  1.9804399013519,  1.4286584854126,  1.8662030696869,  0.68251729011536,  0.9377863407135,  1.1131596565247,  1.5478808879852,  1.5183138847351 ],
			"transp"	: 1,
			"lag"	: 1,
			"lfnoise_amp"	: 0.001,
			"amp"	: -15.360910504215
		},
		"inter1"	: {
			"distor"	: 0.24,
			"shift"	: -549.86553432413,
			"d"	: 54.3,
			"freqs"	: [ 130.81,  185,  185,  207.65,  369.99,  369.99,  439.07,  622.25,  1046.5,  1206.39,  1829.08,  2320.15,  3729.31,  3729.31,  4698.64 ],
			"lag_spat"	: 0.2,
			"width"	: 0.477,
			"amps"	: [ 1.33,  0.48,  1.21,  0.75,  0.53,  1.91,  0.19,  0.94,  0.38,  0.85,  0.71,  1.01,  0.3,  0.46,  1.3 ],
			"pos"	: [ 1.3873610496521,  1.6505236625671,  0.85853409767151,  0.8762309551239,  0.49961304664612,  1.9720885753632,  1.2816941738129,  0.9968056678772,  1.9397041797638,  1.3950841426849,  1.1633493900299,  1.2164082527161,  1.2114012241364,  0.04418683052063,  0.66999554634094 ],
			"transp"	: 3.347,
			"lag"	: 0.215,
			"lfnoise_amp"	: 1.873,
			"amp"	: -19.289457845179
		},
		"interp2"	: {
			"distor"	: 0,
			"shift"	: 0,
			"d"	: 0,
			"freqs"	: [ 87.82,  232.31,  387.79,  487.76,  492.45,  551.15,  619.14,  840.72,  1923.94,  1961.56,  2340.87,  2933.01,  2953.1,  5965.84,  5985.71 ],
			"lag_spat"	: 0.2,
			"width"	: 2,
			"amps"	: [ 1.17,  0.2,  0.65,  0.21,  1.14,  0.33,  0.85,  0.02,  1.82,  1.08,  0.31,  1.77,  1.26,  1.16,  0.92 ],
			"pos"	: [ 0.0001,  0.0001,  0.0001,  0.0001,  0.0001,  0.0001,  0.0001,  0.0001,  0.0001,  0.0001,  0.0001,  0.0001,  0.0001,  0.0001,  0.0001 ],
			"transp"	: 1,
			"lag"	: 1,
			"lfnoise_amp"	: 0.001,
			"amp"	: -15.303332182475
		},
		"default"	: {
			"distor"	: 0,
			"shift"	: 0,
			"d"	: 0,
			"freqs"	: [ 313.26,  24.89,  1721.65,  167.15,  3029.79,  3749.57,  149.43,  234.42,  9009.86,  424.84,  310.37,  6530.87,  2928.38,  60.6,  75.82 ],
			"lag_spat"	: 0.2,
			"width"	: 2,
			"amps"	: [ 0.01,  1.25,  0.36,  0.15,  0.3,  0.22,  0.73,  0.54,  0.01,  1.97,  1.93,  0.1,  0.58,  0.48,  0.35 ],
			"pos"	: [ 0.3766549723506,  0.054796685957909,  0.21017250366211,  1.8419359088182,  1.3178479825974,  0.86498404550552,  0.24159926934242,  0.45152372246981,  1.2428109173775,  1.1118310145974,  0.90993466727734,  0.29303002249002,  1.7560346521854,  0.29934112354517,  1.0003623127222 ],
			"transp"	: 1,
			"lag"	: 1,
			"lfnoise_amp"	: 0.001,
			"amp"	: 0
		},
		"interp3"	: {
			"distor"	: 0.24,
			"shift"	: -549.86553432413,
			"d"	: 54.3,
			"freqs"	: [ 138.59,  164.81,  242.28,  293.66,  307.33,  389.84,  392,  465.96,  494.51,  698.46,  706.48,  749.75,  1136.75,  1441.95,  2637.02 ],
			"lag_spat"	: 0.2,
			"width"	: 0.477,
			"amps"	: [ 1.19,  1.47,  1.19,  0.85,  0.03,  0.6,  1.52,  1.21,  1.1,  1.67,  0.48,  0.99,  1.94,  0.99,  0.61 ],
			"pos"	: [ 0.0001,  0.0001,  0.0001,  0.0001,  0.0001,  0.0001,  0.0001,  0.0001,  0.0001,  0.0001,  0.0001,  0.0001,  0.0001,  0.0001,  0.0001 ],
			"transp"	: 3.347,
			"lag"	: 0.215,
			"lfnoise_amp"	: 1.873,
			"amp"	: -19.289457845179
		},
		"test1"	: {
			"distor"	: 0,
			"shift"	: 0,
			"d"	: 0,
			"freqs"	: [ 130.81,  185,  185,  207.65,  369.99,  369.99,  439.07,  622.25,  1046.5,  1206.39,  1829.08,  2320.15,  3729.31,  3729.31,  4698.64 ],
			"lag_spat"	: 0.2,
			"width"	: 2,
			"amps"	: [ 1.33,  0.48,  1.21,  0.75,  0.53,  1.91,  0.19,  0.94,  0.38,  0.85,  0.71,  1.01,  0.3,  0.46,  1.3 ],
			"pos"	: [ 1.3873610496521,  1.6505236625671,  0.85853409767151,  0.8762309551239,  0.49961304664612,  1.9720885753632,  1.2816941738129,  0.9968056678772,  1.9397041797638,  1.3950841426849,  1.1633493900299,  1.2164082527161,  1.2114012241364,  0.04418683052063,  0.66999554634094 ],
			"transp"	: 1,
			"lag"	: 1,
			"lfnoise_amp"	: 0.001,
			"amp"	: -11.754283794847
		},
		"test2"	: {
			"distor"	: 0,
			"shift"	: 0,
			"d"	: 0,
			"freqs"	: [ 88.18,  88.18,  93.58,  111.85,  146.83,  415.3,  493.88,  932.33,  932.33,  951.05,  951.05,  1244.51,  2943.06,  3517.73,  6765.38 ],
			"lag_spat"	: 0.2,
			"width"	: 2,
			"amps"	: [ 1.52,  0.81,  0.88,  0.02,  0.42,  0.07,  0.75,  0.48,  1.91,  0.42,  1.08,  0.55,  1.02,  0.49,  1.58 ],
			"pos"	: [ 0.72375249862671,  0.70051431655884,  1.7557516098022,  1.9987351894379,  0.085886240005493,  0.8497302532196,  1.6242277622223,  1.5195932388306,  0.052164793014526,  1.6888334751129,  1.9670081138611,  0.31098937988281,  1.8500974178314,  0.49368286132812,  1.4538223743439 ],
			"transp"	: 1,
			"lag"	: 1,
			"lfnoise_amp"	: 0.001,
			"amp"	: -15.380165015446
		},
		"test11"	: {
			"distor"	: 0,
			"shift"	: 0,
			"d"	: 0,
			"freqs"	: [ 130.81,  185,  185,  207.65,  369.99,  369.99,  439.07,  622.25,  1046.5,  1206.39,  1829.08,  2320.15,  3729.31,  3729.31,  4698.64 ],
			"lag_spat"	: 0.2,
			"width"	: 2,
			"amps"	: [ 1.33,  0.48,  1.21,  0.75,  0.53,  1.91,  0.19,  0.94,  0.38,  0.85,  0.71,  1.01,  0.3,  0.46,  1.3 ],
			"pos"	: [ 1.3873610496521,  1.6505236625671,  0.85853409767151,  0.8762309551239,  0.49961304664612,  1.9720885753632,  1.2816941738129,  0.9968056678772,  1.9397041797638,  1.3950841426849,  1.1633493900299,  1.2164082527161,  1.2114012241364,  0.04418683052063,  0.66999554634094 ],
			"transp"	: 1,
			"lag"	: 1,
			"lfnoise_amp"	: 0.001,
			"amp"	: -11.754283794847
		},
		"freqs1"	: {
			"distor"	: 0,
			"shift"	: 0,
			"d"	: 0,
			"freqs"	: [ 146.83,  150.58,  185,  349.23,  389.84,  932.33,  1567.98,  1567.98,  2462.28,  3520,  3961.91,  4978.03,  5333.46,  6374.87,  6765.38 ],
			"lag_spat"	: 0.2,
			"width"	: 2,
			"amps"	: [ 1.18,  1.53,  1.96,  0.4,  0.54,  1.41,  1.33,  0.71,  0.59,  1.04,  1.05,  0.95,  1.13,  0,  0 ],
			"pos"	: [ 0.0001,  0.13333334028721,  0.26666668057442,  0.40000000596046,  0.53333336114883,  0.66666668653488,  0.80000001192093,  0.93333333730698,  1.0666667222977,  1.2000000476837,  1.3333333730698,  1.4666666984558,  1.6000000238419,  1.7333333492279,  1.866666674614 ],
			"transp"	: 2.396,
			"lag"	: 1,
			"lfnoise_amp"	: 0.001,
			"amp"	: -30.353135715969
		},
		"cp_1"	: {
			"d"	: 1.8,
			"amp"	: -10.726601350306,
			"lag_spat"	: 0.2,
			"distor"	: 0,
			"pos"	: [ 0.0001,  0.13333334028721,  0.26666668057442,  0.40000000596046,  0.53333336114883,  0.66666668653488,  0.80000001192093,  0.93333333730698,  1.0666667222977,  1.2000000476837,  1.3333333730698,  1.4666666984558,  1.6000000238419,  1.7333333492279,  1.866666674614 ],
			"shift"	: 0,
			"lag"	: 1,
			"amps"	: [ 1.03,  1.4,  1.7,  1.19,  0.46,  1.93,  0.1,  0.75,  0.76,  1.89,  0.87,  1.71,  1.09,  1.51,  1.67 ],
			"width"	: 2,
			"transp"	: 1,
			"lfnoise_amp"	: 0.001,
			"freqs"	: [ 92.5,  93.58,  138.59,  185,  257.12,  326.16,  392,  465.96,  739.99,  844.42,  1136.75,  1358.71,  1760,  2943.06,  2959.96 ]
		}
	}
}