{
		"TAddic_8_8"	: {
			"acc-fin-L-4bass"	: {
				"transp"	: 0.554,
				"amp"	: -1.854309,
				"d"	: 5.2,
				"shift"	: 0,
				"distor"	: 0,
				"lfnoise_amp"	: 0.001,
				"lag"	: 1,
				"width"	: 2,
				"lag_spat"	: 0.2,
				"freqs"	: [ 349.23,  627.27,  665.7,  1046.5,  1206.39,  1280.29,  1567.98,  2186.23 ],
				"amps"	: [1.61, 0.96, 1.25, 1.96, 0.12, 0.77, 1.82, 0.63],
				"pos"	: [ 1.334412,  1.475046,  1.570493,  1.762468,  0.037381,  0.868235,  1.736259,  0.896203 ]
			},
			"preset0"	: {
				"transp"	: 0,
				"amp"	: 0,
				"d"	: 0,
				"shift"	: 0,
				"distor"	: 0,
				"lfnoise_amp"	: 0,
				"lag"	: 0,
				"width"	: 0,
				"lag_spat"	: 0,
				"freqs"	: 0,
				"amps"	: 0,
				"pos"	: 0
			},
			"mes60-4"	: {
				"transp"	: 2.033,
				"amp"	: -28.108037,
				"d"	: 0.9,
				"shift"	: 0,
				"distor"	: 0,
				"lfnoise_amp"	: 0.001,
				"lag"	: 1,
				"width"	: 2,
				"lag_spat"	: 0.2,
				"freqs"	: [ 0.504975,  0.984886,  0.441588,  0.620484,  0.874643,  0.484768,  0.880341,  0.924662 ],
				"amps"	: [ 0.668242,  0.789735,  0.94417,  0.866078,  0.057873,  0.627668,  0.912448,  0.904493 ],
				"pos"	: [ 0.430073,  0.458776,  0.468341,  0.571741,  0.640547,  0.69257,  0.831885,  0.937121 ]
			},
			"mes77"	: {
				"transp"	: 2.648,
				"amp"	: -21.211565,
				"d"	: 6.9,
				"shift"	: 0,
				"distor"	: 0,
				"lfnoise_amp"	: 0.001,
				"lag"	: 1,
				"width"	: 2,
				"lag_spat"	: 0.2,
				"freqs"	: [ 0.768115,  0.474342,  0.678233,  0.992472,  0.463681,  0.655744,  0.616441,  0.935414 ],
				"amps"	: [ 0.002124,  0.876239,  0.980958,  0.286106,  0.670848,  0.443572,  0.051957,  0.609941 ],
				"pos"	: [ 0.255726,  0.265024,  0.525743,  0.611845,  0.711159,  0.793617,  0.859873,  0.898854 ]
			}
		}
	}