{
	"TAnalog_blipfml"	: {
		"MR-fin1"	: {
			"topfreq"	: 18000,
			"ffreqhiMul"	: 16.3,
			"modRate"	: 1,
			"panCtr"	: 0,
			"detune"	: 1.006,
			"amp"	: -10.307973037521,
			"ffreqRateCtr"	: 1,
			"atk"	: 0.02,
			"dcy"	: 0.026,
			"panWidth"	: 1,
			"amps"	: [ 0.37,  1.6,  1.6,  1.54,  0.62,  0.85,  1.53,  1.3,  1.5,  0.09,  0.24,  1.28,  1.05,  0.43,  1.88,  1.54,  1.09,  0.18,  0.29,  1.31 ],
			"ffreqloMul"	: 2.5,
			"freqs"	: [ 87.31,  125.98,  155.56,  159.8,  191,  207.65,  706.48,  830.61,  1046.5,  1206.39,  1244.51,  2943.06,  3123.35,  3322.44,  3729.31,  3729.31,  5587.65,  5587.65,  5919.91,  5919.91 ],
			"ffreqRateMul"	: 0.5
		},
		"track88"	: {
			"topfreq"	: 18000,
			"ffreqhiMul"	: 16.3,
			"modRate"	: 1,
			"panCtr"	: 0,
			"detune"	: 1.006,
			"amp"	: -15.838076649497,
			"ffreqRateCtr"	: 1,
			"atk"	: 0.02,
			"dcy"	: 0.026,
			"panWidth"	: 1,
			"amps"	: [ 0.37,  1.6,  1.6,  1.54,  0.62,  0.85,  1.53,  1.3,  1.5,  0.09,  0.24,  1.28,  1.05,  0.43,  1.88,  1.54,  1.09,  0.18,  0.29,  1.31 ],
			"ffreqloMul"	: 2.5,
			"freqs"	: [ 87.31,  125.98,  155.56,  159.8,  191,  207.65,  706.48,  830.61,  1046.5,  1206.39,  1244.51,  2943.06,  3123.35,  3322.44,  3729.31,  3729.31,  5587.65,  5587.65,  5919.91,  5919.91 ],
			"ffreqRateMul"	: 0.5
		},
		"psycho2"	: {
			"topfreq"	: 794.0,
			"ffreqhiMul"	: 1.2,
			"modRate"	: 0.2,
			"panCtr"	: -0.2,
			"detune"	: 1.923,
			"amp"	: 0.0,
			"ffreqRateCtr"	: 1.19,
			"atk"	: 0.012,
			"dcy"	: 0.026,
			"panWidth"	: 1.0,
			"amps"	: [ 0.7,  0.73,  0.33,  1.78,  1.91,  0.69,  0.76,  1.83,  0.55,  0.1,  0.32,  0.09,  0.13,  1.74,  1.61,  1.17,  0.65,  0.57,  0.34,  0.46 ],
			"ffreqloMul"	: 25.0,
			"freqs"	: [ 141.88,  207.65,  277.18,  413.72,  465.96,  698.46,  739.99,  1009.31,  1136.75,  1318.51,  1864.66,  2060.03,  2773.18,  3123.35,  3123.35,  3733.22,  3733.22,  4434.92,  4735.51,  6765.38 ],
			"ffreqRateMul"	: 0.66
		},
		"pintas1"	: {
			"topfreq"	: 49.0,
			"ffreqhiMul"	: 1.5,
			"modRate"	: 0.7,
			"panCtr"	: -0.1,
			"detune"	: -1.456,
			"amp"	: -23.508439029751,
			"ffreqRateCtr"	: 0.65,
			"atk"	: 0.035,
			"dcy"	: 1.89,
			"panWidth"	: 1.0,
			"amps"	: [ 0.37,  0.55,  0.92,  0.89,  0.89,  0.92,  0.63,  0.55,  0.52,  0.58,  0.65,  0.75,  1.2,  1.02,  0.95,  0.84,  0.74,  0.74,  0.77,  0.86 ],
			"ffreqloMul"	: 1.1,
			"freqs"	: [ 87.31,  125.98,  155.56,  159.8,  191.0,  207.65,  706.48,  830.61,  1046.5,  1206.39,  1244.51,  2943.06,  3123.35,  3322.44,  3729.31,  3729.31,  5587.65,  5587.65,  5919.91,  5919.91 ],
			"ffreqRateMul"	: 0.43
		},
		"preset0"	: {
			"topfreq"	: 0,
			"ffreqhiMul"	: 0,
			"modRate"	: 0,
			"panCtr"	: 0,
			"detune"	: 0,
			"amp"	: 0,
			"ffreqRateCtr"	: 0,
			"atk"	: 0,
			"dcy"	: 0,
			"panWidth"	: 0,
			"amps"	: 0,
			"ffreqloMul"	: 0,
			"freqs"	: 0,
			"ffreqRateMul"	: 0
		},
		"psycho3"	: {
			"topfreq"	: 13207.0,
			"ffreqhiMul"	: 2.1,
			"modRate"	: 0.7,
			"panCtr"	: 0.8,
			"detune"	: -1.473,
			"amp"	: 0.0,
			"ffreqRateCtr"	: 0.35,
			"atk"	: 0.074,
			"dcy"	: 1.308,
			"panWidth"	: 0.83,
			"amps"	: [ 1.82,  1.13,  1.67,  0.27,  1.82,  0.33,  0.4,  0.12,  0.18,  1.02,  1.12,  0.59,  0.6,  0.28,  1.12,  1.22,  1.61,  1.58,  0.63,  0.97 ],
			"ffreqloMul"	: 4.9,
			"freqs"	: [ 1244.51,  289.59,  1975.53,  4735.51,  4698.64,  830.61,  1108.73,  392.0,  349.23,  622.25,  174.61,  1174.66,  1723.5,  311.13,  1396.91,  3123.35,  627.27,  440.0,  116.54,  191.0 ],
			"ffreqRateMul"	: 0.67
		},
		"pintas3"	: {
			"ffreqRateMul"	: 0.43,
			"atk"	: 0.035,
			"ffreqloMul"	: 1.1,
			"amp"	: -23.508439029751,
			"dcy"	: 1.89,
			"ffreqRateCtr"	: 0.65,
			"panWidth"	: 1.0,
			"modRate"	: 0.7,
			"amps"	: [ 0.0,  0.0,  0.0,  0.0,  0.0,  0.0,  0.0,  0.0,  0.0,  0.0,  0.0,  0.0,  2.0,  2.0,  2.0,  2.0,  2.0,  2.0,  2.0,  1.91 ],
			"panCtr"	: -0.1,
			"topfreq"	: 49.0,
			"detune"	: -1.456,
			"ffreqhiMul"	: 1.5,
			"freqs"	: [ 87.31,  125.98,  155.56,  159.8,  191.0,  207.65,  706.48,  830.61,  1046.5,  1206.39,  1244.51,  2943.06,  3123.35,  3322.44,  3729.31,  3729.31,  5587.65,  5587.65,  5919.91,  5919.91 ]
		},
		"MR1"	: {
			"topfreq"	: 18000,
			"ffreqhiMul"	: 1.2,
			"modRate"	: 0.2,
			"panCtr"	: -0.2,
			"detune"	: 1.923,
			"amp"	: 0,
			"ffreqRateCtr"	: 1.19,
			"atk"	: 0.012,
			"dcy"	: 0.026,
			"panWidth"	: 1,
			"amps"	: [ 0.7,  0.73,  0.33,  1.78,  1.91,  0.69,  0.76,  1.83,  0.55,  0.1,  0.32,  0.09,  0.13,  1.74,  1.61,  1.17,  0.65,  0.57,  0.34,  0.46 ],
			"ffreqloMul"	: 25,
			"freqs"	: [ 116.54,  179.98,  277.18,  277.18,  413.72,  466.16,  554.37,  739.99,  783.99,  1046.5,  1108.73,  1829.08,  2462.28,  2613.11,  2959.96,  3733.22,  3951.07,  4698.64,  4735.51,  5919.91 ],
			"ffreqRateMul"	: 0.66
		},
		"preset1"	: {
			"topfreq"	: 18000,
			"ffreqhiMul"	: 25,
			"modRate"	: 0.6,
			"panCtr"	: 0,
			"detune"	: 0.997,
			"amp"	: -9.794704,
			"ffreqRateCtr"	: 0.53,
			"atk"	: 0.016,
			"dcy"	: 0.039,
			"panWidth"	: 0.77,
			"amps"	: [ 0.25,  0.214286,  0.214286,  0.247321,  0.261905,  0.27381,  0.27381,  0.27381,  0.27381,  0.27381,  0.27381,  0.3625,  0.429121,  0.469107,  0.488095,  0.488095,  0.488095,  0.511905,  0.536905,  0.612302 ],
			"ffreqloMul"	: 0.9,
			"freqs"	: [ 0.083333,  0.112222,  0.167224,  0.222225,  0.277227,  0.951315,  0.851469,  0.977241,  0.689202,  0.707107,  0.583095,  0.74162,  0.636396,  0.3937,  0.738241,  0.519615,  0.158114,  0.902774,  0.504975,  0.703562 ],
			"ffreqRateMul"	: 0.35
		},
		"pintas2"	: {
			"topfreq"	: 49.0,
			"ffreqhiMul"	: 1.5,
			"modRate"	: 0.7,
			"panCtr"	: -0.1,
			"detune"	: -1.456,
			"amp"	: -23.508439029751,
			"ffreqRateCtr"	: 0.65,
			"atk"	: 0.035,
			"dcy"	: 1.89,
			"panWidth"	: 1.0,
			"amps"	: [ 0.37,  0.55,  0.92,  0.89,  0.89,  0.92,  0.63,  0.55,  0.52,  0.58,  0.65,  0.75,  1.2,  1.02,  0.95,  0.84,  0.74,  0.74,  0.77,  0.86 ],
			"ffreqloMul"	: 1.1,
			"freqs"	: [ 87.31,  125.98,  155.56,  159.8,  191.0,  207.65,  706.48,  830.61,  1046.5,  1206.39,  1244.51,  2943.06,  3123.35,  3322.44,  3729.31,  3729.31,  5587.65,  5587.65,  5919.91,  5919.91 ],
			"ffreqRateMul"	: 0.43
		}
	}
}