{
	"TBall_DyKlang"	: {
		"MR4"	: {
			"pitch"	: 1.11,
			"gravity"	: 57.757,
			"damp"	: 0.0906,
			"freqs"	: [ 88.18,  92.5,  146.83,  179.98,  185,  439.07,  465.96,  622.25,  6006.9,  6765.38 ],
			"amps"	: [1.18, 0.82, 0.56, 0.51, 0.71, 0.49, 0.01, 0.54, 0.83, 1.34],
			"freq"	: 8.6,
			"fric"	: 0.0001,
			"amp"	: -2.9301145766514,
			"rings"	: [ 0.167,  0.074,  0.151,  0.206,  0.001,  0.092,  0.162,  0.054,  0.138,  0.235 ]
		},
		"fin3"	: {
			"gravity"	: 2.018,
			"pitch"	: 13.81,
			"damp"	: 0.0578,
			"amps"	: [1.58, 2, 2, 2, 1.97, 2, 1.95, 1.06, 1.07, 1.01],
			"freqs"	: [ 202.7,  242.28,  246.94,  465.96,  622.25,  783.99,  1009.31,  1530.28,  2349.32,  2489.02 ],
			"amp"	: -2.9301145766514,
			"fric"	: 0.0061,
			"freq"	: 36.6,
			"rings"	: [ 0.158,  0.116,  0.026,  0.065,  0.003,  0.038,  0.211,  0.139,  0.074,  0.182 ]
		},
		"MR6"	: {
			"pitch"	: 20,
			"gravity"	: 1.66,
			"damp"	: 0.0408,
			"freqs"	: [ 1170.07,  1356.67,  1693.81,  1693.81,  1693.81,  1963.93,  2451.99,  3061.33,  3822.1,  6765.38 ],
			"amps"	: [1.84, 0.73, 1.44, 1.62, 1.21, 1.55, 0.86, 1.49, 1.86, 1.51],
			"freq"	: 20.5,
			"fric"	: 0.0018,
			"amp"	: 3.478593542465,
			"rings"	: [ 0.178,  0.164,  0.086,  0.158,  0.213,  0.116,  0.063,  0.245,  0.222,  0.013 ]
		},
		"boules-fin2"	: {
			"gravity"	: 1.536,
			"pitch"	: 1.71,
			"damp"	: 0.0906,
			"amps"	: [0.83, 0.89, 0.99, 1.59, 2.0, 2.0, 2.0, 2.0, 2.0, 2.0],
			"freqs"	: [ 88.18,  92.5,  146.83,  179.98,  185.0,  439.07,  465.96,  622.25,  6006.9,  6765.38 ],
			"amp"	: 3.2183168411721,
			"fric"	: 0.0001,
			"freq"	: 12.0,
			"rings"	: [ 0.167,  0.074,  0.151,  0.206,  0.202,  0.229,  0.22,  0.232,  0.22,  0.235 ]
		},
		"MR5"	: {
			"pitch"	: 20,
			"gravity"	: 1.66,
			"damp"	: 0.0408,
			"freqs"	: [ 1170.07,  1356.67,  1693.81,  1693.81,  1693.81,  1963.93,  2451.99,  3061.33,  3822.1,  6765.38 ],
			"amps"	: [1.84, 0.73, 1.44, 1.62, 1.21, 1.55, 0.86, 1.49, 1.86, 1.51],
			"freq"	: 20.5,
			"fric"	: 0.0018,
			"amp"	: 3.478593542465,
			"rings"	: [ 0.178,  0.164,  0.086,  0.158,  0.213,  0.116,  0.063,  0.245,  0.222,  0.013 ]
		},
		"boules-fin1"	: {
			"gravity"	: 2.252,
			"pitch"	: 0.78,
			"damp"	: 0.0211,
			"amps"	: [0.49, 0.55, 0.71, 0.95, 0.35, 0.84, 1.16, 1.46, 0.96, 1.0],
			"freqs"	: [ 110.0,  179.98,  185.0,  293.66,  783.99,  795.68,  1530.28,  1760.0,  5333.46,  6765.38 ],
			"amp"	: 3.3921764036686,
			"fric"	: 0.0043,
			"freq"	: 16.2,
			"rings"	: [ 0.079,  0.066,  0.13,  0.183,  0.108,  0.209,  0.16,  0.073,  0.058,  0.146 ]
		},
		"preset0"	: {
			"pitch"	: 0,
			"gravity"	: 0,
			"damp"	: 0,
			"freqs"	: 0,
			"amps"	: 0,
			"freq"	: 0,
			"fric"	: 0,
			"amp"	: 0,
			"rings"	: 0
		},
		"fin2"	: {
			"gravity"	: 1.66,
			"pitch"	: 20,
			"damp"	: 0.0408,
			"amps"	: [1.84, 0.73, 1.44, 1.62, 1.21, 1.55, 0.86, 1.49, 1.86, 1.51],
			"freqs"	: [ 1170.07,  1356.67,  1693.81,  647.39,  1170.07,  1170.07,  2451.99,  3061.33,  3822.1,  6765.38 ],
			"amp"	: 3.478593542465,
			"fric"	: 0.0018,
			"freq"	: 20.5,
			"rings"	: [ 0.178,  0.164,  0.086,  0.158,  0.213,  0.116,  0.063,  0.245,  0.222,  0.013 ]
		},
		"boules-fin3"	: {
			"gravity"	: 0.652,
			"fric"	: 0.0043,
			"pitch"	: 1.78,
			"amps"	: [1.24, 0.51, 1.2, 1.94, 0.23, 0.31, 1.66, 1.48, 0.28, 0.3],
			"amp"	: 3.1394396313947,
			"damp"	: 0.0907,
			"rings"	: [ 0.153,  0.092,  0.02,  0.065,  0.176,  0.187,  0.093,  0.246,  0.038,  0.151 ],
			"freq"	: 15.4,
			"freqs"	: [ 99.31,  123.47,  307.33,  329.63,  524.8,  749.75,  830.61,  830.61,  932.33,  1760.0 ]
		},
		"default"	: {
			"gravity"	: 1.66,
			"pitch"	: 20,
			"damp"	: 0.0408,
			"amps"	: [0, 0.78, 0.22, 0.69, 0.74, 0.21, 0.64, 0.22, 0.69, 0.31],
			"freqs"	: [ 20,  4434.92,  1479.98,  1136.75,  346.14,  1174.66,  367.34,  2943.06,  2217.46,  2217.46 ],
			"amp"	: 3.478593542465,
			"fric"	: 0.0018,
			"freq"	: 20.5,
			"rings"	: [ 0,  0.053,  0.068,  0.12,  0.116,  0.074,  0.2,  0.202,  0.09,  0.057 ]
		},
		"fin3_2"	: {
			"gravity"	: 1.66,
			"pitch"	: 13.46,
			"damp"	: 0.0408,
			"amps"	: [1.23, 1.74, 1.63, 0.69, 0.74, 0.21, 0.64, 0.22, 0.69, 0.31],
			"freqs"	: [ 3061.33,  4434.92,  1479.98,  1136.75,  558.35,  1174.66,  367.34,  2943.06,  2217.46,  2217.46 ],
			"amp"	: 1.4941294725356,
			"fric"	: 0.0018,
			"freq"	: 69.6,
			"rings"	: [ 0.159,  0.158,  0.164,  0.176,  0.195,  0.19,  0.151,  0.116,  0.125,  0.131 ]
		},
		"MR2"	: {
			"pitch"	: 1,
			"gravity"	: 57.757,
			"damp"	: 0.0906,
			"freqs"	: [ 88.18,  98,  103.83,  118.71,  150.58,  329.63,  556.95,  706.48,  1479.98,  3517.73 ],
			"amps"	: [0.29, 0.96, 1.24, 1.1, 1.3, 0.09, 1.51, 1.49, 0.86, 0.71],
			"freq"	: 0,
			"fric"	: 0.0001,
			"amp"	: -2.9301145766514,
			"rings"	: [ 0.152,  0.025,  0.09,  0.213,  0.182,  0.07,  0.04,  0.12,  0.018,  0.018 ]
		},
		"fin1"	: {
			"gravity"	: 1.66,
			"pitch"	: 20,
			"damp"	: 0.0408,
			"amps"	: [1.84, 0.73, 1.44, 1.62, 1.21, 1.55, 0.86, 1.49, 1.86, 1.51],
			"freqs"	: [ 1170.07,  1356.67,  1693.81,  647.39,  1170.07,  1170.07,  2451.99,  3061.33,  3822.1,  6765.38 ],
			"amp"	: 3.478593542465,
			"fric"	: 0.0018,
			"freq"	: 20.5,
			"rings"	: [ 0.178,  0.164,  0.086,  0.158,  0.213,  0.116,  0.063,  0.245,  0.222,  0.013 ]
		},
		"MR1"	: {
			"pitch"	: 1,
			"gravity"	: 2.018,
			"damp"	: 0.0578,
			"freqs"	: [ 110,  164.81,  257.12,  591.07,  622.25,  739.99,  932.33,  1136.75,  1318.51,  1829.08 ],
			"amps"	: [0.29, 0.96, 1.24, 1.1, 1.3, 0.09, 1.51, 1.49, 0.86, 0.71],
			"freq"	: 9.4,
			"fric"	: 0.0061,
			"amp"	: -2.9301145766514,
			"rings"	: [ 0.152,  0.025,  0.09,  0.213,  0.182,  0.07,  0.04,  0.12,  0.018,  0.018 ]
		},
		"MR3"	: {
			"pitch"	: 1.11,
			"gravity"	: 57.757,
			"damp"	: 0.0906,
			"freqs"	: [ 111.85,  202.7,  215.12,  556.95,  1136.75,  1396.91,  1624.02,  1661.22,  4698.64,  5025.6 ],
			"amps"	: [0.37, 0.76, 1.21, 1.36, 0.26, 0.18, 0.77, 0.62, 1.37, 0.07],
			"freq"	: 8.6,
			"fric"	: 0.0001,
			"amp"	: -2.9301145766514,
			"rings"	: [ 0.061,  0.189,  0.012,  0.129,  0.126,  0.154,  0.155,  0.176,  0.017,  0.148 ]
		},
		"Olivier-SuperBol1"	: {
			"gravity"	: 100,
			"pitch"	: 1,
			"damp"	: 0.0111,
			"amps"	: [0.68, 1.22, 1.7, 0.7, 0.25, 1.01, 1.87, 0.44, 0.73, 0.6],
			"freqs"	: [ 242.28,  389.84,  880,  1071.14,  1318.51,  1396.91,  1530.28,  1829.08,  2489.02,  3520 ],
			"amp"	: -8.2120721973786,
			"fric"	: 0,
			"freq"	: 17.8,
			"rings"	: [ 0.008,  0.04,  0.082,  0.094,  0.224,  0.157,  0.049,  0.188,  0.052,  0.092 ]
		}
	}
}