{
	"TestSynth3"	: {
		"preset1"	: {
			"freq"	: 49.615918786962,
			"fc"	: 374.63,
			"width"	: 0.038381693795707,
			"bal"	: -0.96578033902875,
			"amp"	: 0,
			"rq"	: 0.194
		},
		"test"	: {
			"rq"	: 0.487,
			"fc"	: 4945.03,
			"width"	: 0.26354277133942,
			"bal"	: 0.45673227310181,
			"amp"	: 0,
			"freq"	: 350.17922664827
		},
		"preset2"	: {
			"rq"	: 0.24,
			"fc"	: 839.82,
			"width"	: 0.076733056987834,
			"bal"	: -0.96578033902875,
			"amp"	: 0,
			"freq"	: 249.42815505464
		},
		"preset3"	: {
			"amp"	: 0,
			"width"	: 0.14025208101641,
			"freq"	: 752.61595173871,
			"rq"	: 0.426,
			"fc"	: 3154.22,
			"bal"	: -0.79584807737674
		},
		"toto"	: {
			"freq"	: 36.944093040944,
			"fc"	: 1905.43,
			"width"	: 0,
			"bal"	: 0,
			"amp"	: 0,
			"rq"	: 0.25
		},
		"titi"	: {
			"rq"	: 0.25,
			"fc"	: 1905.43,
			"width"	: 0,
			"bal"	: 0,
			"freq"	: 36.944093040944,
			"amp"	: 0
		},
		"preset0"	: {
			"rq"	: 0,
			"fc"	: 0,
			"width"	: 0,
			"bal"	: 0,
			"amp"	: 0,
			"freq"	: 0
		},
		"tete"	: {
			"amp"	: 0,
			"fc"	: 1905.43,
			"width"	: 0,
			"bal"	: 0,
			"freq"	: 36.944093040944,
			"rq"	: 0.25
		},
		"test2"	: {
			"amp"	: 0,
			"fc"	: 1748.74,
			"width"	: 0.46294295787811,
			"bal"	: -0.68103241920471,
			"freq"	: 497.86701103093,
			"rq"	: 0.395
		}
	}
}