{
	"TGranInterpExt"	: {
		"synth6_62"	: {
			"ifac"	: 0,
			"amp"	: 0.011355996496782,
			"ampDev"	: 0.54235500286456,
			"durDev"	: 0,
			"dur"	: 0.004
		},
		"voix7-2"	: {
			"ifac"	: 0,
			"amp"	: 0,
			"ampDev"	: 0,
			"durDev"	: 0.047184308967749,
			"dur"	: 0.141
		},
		"MR1"	: {
			"ifac"	: 0,
			"amp"	: 0,
			"ampDev"	: 0,
			"dur"	: 0.25,
			"durDev"	: 0
		},
		"MR-Syn_init_end"	: {
			"ifac"	: 0,
			"amp"	: 0.011355996131897,
			"ampDev"	: 0.54235500097275,
			"dur"	: 0.014,
			"durDev"	: 0.021679641424864
		},
		"synth8-dur-env"	: {
			"ifac"	: 0.68718612194061,
			"amp"	: 0,
			"ampDev"	: 0,
			"dur"	: 0.551,
			"durDev"	: 0.50425976476932
		},
		"final3"	: {
			"ifac"	: 0,
			"amp"	: 0,
			"ampDev"	: 0,
			"durDev"	: 0.20366326289893,
			"dur"	: 0.145
		},
		"final1"	: {
			"ifac"	: 0,
			"amp"	: 0,
			"ampDev"	: 0,
			"durDev"	: 0.1147878542783,
			"dur"	: 0.082
		},
		"synth6_2_env"	: {
			"ifac"	: 0,
			"amp"	: 0.011355996496782,
			"ampDev"	: 0.54235500286456,
			"dur"	: 0.014,
			"durDev"	: 0
		},
		"final5"	: {
			"ifac"	: 0,
			"amp"	: 0,
			"ampDev"	: 0,
			"durDev"	: 0.16132174030263,
			"dur"	: 0.255
		},
		"synth6_6"	: {
			"ifac"	: 0,
			"amp"	: 0,
			"ampDev"	: 0,
			"durDev"	: 0,
			"dur"	: 0.002
		},
		"MR2"	: {
			"ifac"	: 0,
			"amp"	: 0.011355996496782,
			"ampDev"	: 0.54235500286456,
			"dur"	: 0.023,
			"durDev"	: 0.11058201058201
		},
		"synth7-dur-env"	: {
			"ifac"	: 0,
			"amp"	: 0.011355996496782,
			"ampDev"	: 0.54235500286456,
			"dur"	: 0.141,
			"durDev"	: 0.8015401206484
		},
		"final4"	: {
			"ifac"	: 0,
			"amp"	: 0,
			"ampDev"	: 0,
			"durDev"	: 0.1315977487952,
			"dur"	: 0.094
		},
		"MR-granos1"	: {
			"ifac"	: 0,
			"amp"	: 0.011355996131897,
			"ampDev"	: 0,
			"dur"	: 0.005,
			"durDev"	: 0
		},
		"voix7"	: {
			"ifac"	: 0,
			"amp"	: 0.011355996131897,
			"ampDev"	: 0.54235500097275,
			"durDev"	: 0.37294847167459,
			"dur"	: 0.141
		},
		"final6"	: {
			"ifac"	: 0,
			"amp"	: 0,
			"ampDev"	: 0,
			"durDev"	: 0.11054156977724,
			"dur"	: 0.154
		},
		"synth6_4"	: {
			"ifac"	: 0,
			"amp"	: 0.011355996496782,
			"ampDev"	: 0.54235500286456,
			"dur"	: 0.01,
			"durDev"	: 0
		},
		"curve1"	: {
			"ifac"	: 0.48405284265157,
			"amp"	: 0,
			"ampDev"	: 0,
			"durDev"	: 0.059640076837529,
			"dur"	: 0.001
		},
		"preset0"	: {
			"ifac"	: 0,
			"durDev"	: 0,
			"dur"	: 0,
			"ampDev"	: 0
		},
		"final7"	: {
			"ifac"	: 0,
			"durDev"	: 0.45833249081657,
			"dur"	: 0.298,
			"ampDev"	: 0,
			"amp"	: 0
		},
		"MR3"	: {
			"ifac"	: 0.42809624911536,
			"amp"	: 0.011355996496782,
			"ampDev"	: 0.54235500286456,
			"dur"	: 0.001,
			"durDev"	: 0.11058201058201
		},
		"final2"	: {
			"ifac"	: 0,
			"amp"	: 0,
			"ampDev"	: 0,
			"durDev"	: 0.39893842887473,
			"dur"	: 0.124
		}
	}
}