{
	"THighPass"	: {
		"preset"	: {
			"freq"	: 670.60573296731,
			"amp"	: 0.0
		},
		"preset0"	: {
			"freq"	: 0,
			"amp"	: 0
		},
		"mes378"	: {
			"freq"	: 125.701828,
			"amp"	: 0
		},
		"test2"	: {
			"freq"	: 220.599261,
			"amp"	: 0
		}
	}
}