{
	"TPulse"	: {
		"bass"	: {
			"width"	: 0.376,
			"freq"	: 43.945676907828,
			"amp"	: -9.2475970724633
		},
		"default"	: {
			"freq"	: 958,
			"amp"	: -20
		},
		"psycho1"	: {
			"width"	: 0.559,
			"freq"	: 2096.5400016089,
			"amp"	: -35.911931649947
		}
	}
}