{
			"TPWaveDiv"	: {
				"preset0"	: {
					"lag"	: 0,
					"div"	: 0,
					"amp"	: 0,
					"eq"	: 0,
					"lss"	: 0,
					"am"	: 0
				},
				"MR1"	: {
					"lag"	: 1,
					"div"	: 0.63,
					"amp"	: 0,
					"eq"	: 1,
					"lss"	: 0.11352070906211,
					"am"	: 0.76650490344758
				}
			}
		}