{
	"TShuffler8"	: {
		"guit_mes322"	: {
			"env"	: 1,
			"wind_steep"	: 0.0005,
			"amps"	: [10, 10, 10, 10, 10, 10, 10, 10],
			"width"	: 2,
			"dur"	: [0.18, 0.061, 0.12, 0.12, 0.239, 0.12, 0.227, 0.065],
			"amp"	: 5.94944,
			"dels"	: [1.921, 0.326, 0.061, 1.222, 0.62, 0.782, 0.611, 1.891],
			"fbk"	: [0.055, 0.036, 0.072, 0.06, 0.095, 0.048, 0.036, 0.012],
			"prob"	: [0.725, 0.956, 0.579, 0.667, 0.707, 0.866, 0.786, 0.863]
		},
		"estremo-mes36-fl"	: {
			"env"	: 41,
			"wind_steep"	: 0.0005,
			"amps"	: [0, 0, -1, -9, -10, -8, 2, 1],
			"width"	: 2,
			"dur"	: [0.157, 0.1, 0.997, 0.55, 0.593, 0.786, 0.499, 0.592],
			"amp"	: 0,
			"dels"	: [0.951, 1.281, 0.597, 1.014, 1.802, 0.991, 0.535, 0.997],
			"fbk"	: [0.112, 0.307, 0.425, 0.003, 0.586, 0.019, 0.441, 0.321],
			"prob"	: [0.122, 0.572, 0.417, 0.483, 0.649, 0.157, 0.664, 0.474]
		},
		"piano_parte2"	: {
			"env"	: 1,
			"wind_steep"	: 0.0005,
			"amps"	: [-8, -7, -2, -4, -9, -6, 1, -60],
			"width"	: 2,
			"dur"	: [0.645, 0.477, 0.869, 0.917, 0.239, 0.314, 0.227, 0.065],
			"amp"	: -3.436467286009,
			"dels"	: [1.921, 0.326, 0.061, 1.222, 0.62, 0.782, 0.611, 1.891],
			"fbk"	: [0.226, 0.381, 0.441, 0.599, 0.405, 0.464, 0.313, 0.441],
			"prob"	: [0.725, 0.956, 0.579, 0.667, 0.707, 0.866, 0.786, 0.863]
		},
		"estremo-cb-mes81"	: {
			"env"	: 50,
			"wind_steep"	: 0.0005,
			"amps"	: [-3, 1, -4, -6, 0, -4, -4, -7],
			"width"	: 2,
			"dur"	: [0.199, 0.061, 0.239, 0.18, 0.18, 0.09, 0.12, 0.18],
			"amp"	: 0,
			"dels"	: [1.094, 1.506, 1.832, 1.19, 1.017, 1.911, 1.266, 2.857],
			"fbk"	: [ 0.0001,  0.0001,  0.0001,  0.0001,  0.0001,  0.0001,  0.0001,  0.0001 ],
			"prob"	: [0.25, 0.536, 0.286, 0.357, 0.286, 0.296, 0.333, 0.196]
		},
		"piano_ribat_envperc"	: {
			"env"	: 1,
			"wind_steep"	: 0.0005,
			"amps"	: [-5, 0.36, -3, 0, 0, 0, -2, -1],
			"width"	: 2,
			"dur"	: [0.382, 0.671, 0.859, 0.258, 0.454, 0.667, 0.97, 0.063],
			"amp"	: 3.314634,
			"dels"	: [0.684, 0.311, 1.166, 1.975, 1.929, 1.082, 1.39, 1.962],
			"fbk"	: [0.519, 0.143, 0.08, 0.638, 0.917, 0.81, 0.757, 0.206],
			"prob"	: [0.308, 0.488, 0.312, 0.675, 0.72, 0.386, 0.127, 0.604]
		},
		"mes48_4"	: {
			"env"	: 43,
			"wind_steep"	: 0.0005,
			"amps"	: [10, 10, 10, 10, 10, 10, 10, 10],
			"width"	: 2,
			"dur"	: [1.902, 1.727, 1.667, 1.489, 1.489, 1.489, 2.143, 1.667],
			"amp"	: 0.918882,
			"dels"	: [0.515, 0.554, 0.474, 0.944, 0.06, 1.104, 0.461, 1.722],
			"fbk"	: [0.281, 0.048, 0.007, 0.607, 0.206, 0.244, 0.953, 0.248],
			"prob"	: [0.726, 0.821, 0.679, 1, 1, 1, 1, 1]
		},
		"estremo-trb-mes66"	: {
			"env"	: 42,
			"wind_steep"	: 0.0005,
			"amps"	: [-9, 1, -2, -10, -6, -10, -10, -7],
			"width"	: 2,
			"dur"	: [0.452, 0.42, 0.056, 0.82, 0.459, 0.651, 0.67, 0.031],
			"amp"	: 0,
			"dels"	: [0.848, 0.747, 0.088, 0.648, 0.357, 0.357, 0.714, 0.617],
			"fbk"	: [0.286, 0.345, 0.238, 0.381, 0.345, 0.345, 0.345, 0.345],
			"prob"	: [0.211, 0.7, 0.244, 0.772, 0.792, 0.375, 0.714, 0.023]
		},
		"Init_cp"	: {
			"env"	: 50,
			"amps"	: [-3, 1, -4, -6, 0, -4, -4, -7],
			"dur"	: [0.333, 0.617, 0.957, 0.384, 0.732, 0.271, 0.232, 0.417],
			"dels"	: [0.946, 1.492, 1.086, 1.095, 1.839, 1.767, 0.745, 1.603],
			"wind_steep"	: 0.0005,
			"width"	: 2,
			"amp"	: 0,
			"prob"	: [0.524, 0.524, 0.571, 0.571, 0.571, 0.571, 0.619, 0.674],
			"fbk"	: [0, 0, 0, 0, 0, 0, 0, 0]
		},
		"mes338-3"	: {
			"env"	: 48,
			"wind_steep"	: 0.0005,
			"amps"	: [-3, -9, 1, -1, -9, -5, -9, -2],
			"width"	: 2,
			"dur"	: [0.325, 0.523, 0.437, 0.436, 0.421, 0.451, 0.953, 0.502],
			"amp"	: 3.055481,
			"dels"	: [1.729, 0.61, 0.566, 0.097, 0.422, 1.41, 0.237, 1.506],
			"fbk"	: [ 0.0001,  0.0001,  0.0001,  0.0001,  0.0001,  0.0001,  0.0001,  0.0001 ],
			"prob"	: [0.724, 0.848, 0.44, 0.464, 0.512, 0.327, 0.436, 0.491]
		},
		"octa1"	: {
			"env"	: 43,
			"wind_steep"	: 0.0005,
			"amps"	: [10, 10, 10, 10, 10, 10, 10, 10],
			"width"	: 2,
			"dur"	: [0.18, 0.18, 0.239, 0.299, 0.18, 0.061, 0.12, 0.12],
			"amp"	: 1.018483,
			"dels"	: [0.497, 0.595, 0.504, 0.49, 0.476, 0.111, 0.357, 0.595],
			"fbk"	: [0, 0, 0, 0, 0, 0, 0, 0],
			"prob"	: [0.643, 0.607, 0.452, 0.536, 0.536, 0.571, 0.571, 0.774]
		},
		"mes378"	: {
			"env"	: 43,
			"wind_steep"	: 0.0005,
			"amps"	: [10, 10, 10, 10, 10, 10, 10, 10],
			"width"	: 2,
			"dur"	: [0.656, 0.418, 0.418, 0.596, 0.558, 0.415, 0.739, 0.182],
			"amp"	: 3.230695,
			"dels"	: [0.357, 1.667, 0.478, 0.714, 2.5, 0.476, 3.81, 0.238],
			"fbk"	: [0.25, 0.308, 0.428, 0.504, 0.524, 0.524, 0.524, 0.524],
			"prob"	: [0.304, 0.63, 0.828, 0.31, 0.906, 0.679, 0.895, 0.947]
		},
		"test1"	: {
			"env"	: 44,
			"wind_steep"	: 0.0005,
			"amps"	: [-7, -2, -4, -1, -8, -8, -6, -8],
			"width"	: 2,
			"dur"	: [0.061, 0.299, 0.358, 0.339, 0.93, 0.351, 0.873, 0.517],
			"amp"	: 0,
			"dels"	: [0.744, 0.922, 1.96, 1.592, 0.843, 1.651, 0.668, 0.378],
			"fbk"	: [1, 0.567, 0.643, 0.188, 0.804, 0.233, 0.075, 0.619],
			"prob"	: [0.548, 0.548, 1, 0.902, 0.418, 0.75, 0.619, 0.743]
		},
		"amas_vln_mes364"	: {
			"env"	: 48,
			"wind_steep"	: 0.0005,
			"amps"	: [-15.47, -15.47, -15.47, -1, -3.89, -6.95, -15.47, -15.47],
			"width"	: 2,
			"dur"	: [0.643, 0.775, 0.952, 0.548, 0.945, 0.717, 0.769, 0.183],
			"amp"	: 3.055481,
			"dels"	: [0.266, 1.486, 0.132, 0.276, 0.945, 1.56, 0.054, 1.74],
			"fbk"	: [0, 0, 0, 0, 0, 0, 0, 0],
			"prob"	: [0.216, 0.996, 0.054, 0.438, 0.038, 0.909, 0.933, 0.536]
		},
		"mes338-2"	: {
			"env"	: 1,
			"wind_steep"	: 0.0005,
			"amps"	: [-3, -9, 1, -1, -9, -5, -9, -2],
			"width"	: 2,
			"dur"	: [0.325, 0.523, 0.437, 0.436, 0.421, 0.451, 0.953, 0.502],
			"amp"	: 3.055481,
			"dels"	: [1.729, 0.61, 0.566, 0.097, 0.422, 1.41, 0.237, 1.506],
			"fbk"	: [ 0.0001,  0.0001,  0.0001,  0.0001,  0.0001,  0.0001,  0.0001,  0.0001 ],
			"prob"	: [0.724, 0.848, 0.44, 0.464, 0.512, 0.327, 0.436, 0.491]
		},
		"preset0"	: {
			"width"	: 0,
			"amps"	: 0,
			"wind_steep"	: 0,
			"env"	: 0,
			"dels"	: 0,
			"amp"	: 0,
			"fbk"	: 0
		},
		"shuffler_fl_mes81"	: {
			"env"	: 46,
			"wind_steep"	: 0.0005,
			"amps"	: [-4, 0, -8, -1, -7, -8, -1, -10],
			"width"	: 2,
			"dur"	: [0.486, 0.424, 0.266, 0.086, 0.855, 0.795, 0.337, 0.001],
			"amp"	: 2.067998,
			"dels"	: [1.913, 0.712, 0.861, 1.916, 1.187, 0.43, 1.496, 1.699],
			"fbk"	: [0.484, 0.075, 0.204, 0.164, 0.003, 0.888, 0.676, 0.083],
			"prob"	: [0.378, 0.617, 0.522, 0.476, 0.524, 0.627, 0.524, 0.72]
		},
		"amas_cb_mes364"	: {
			"env"	: 48,
			"wind_steep"	: 0.0005,
			"amps"	: [-15.47, -15.47, -15.47, -1, -60, -60, -60, -24.29],
			"width"	: 2,
			"dur"	: [0.325, 0.523, 0.437, 0.436, 0.596, 0.451, 0.953, 0.502],
			"amp"	: 3.055481,
			"dels"	: [1.729, 0.61, 0.566, 0.097, 0.422, 1.41, 0.237, 1.506],
			"fbk"	: [0, 0, 0, 0, 0, 0, 0, 0],
			"prob"	: [0.724, 0.848, 0.44, 0.464, 0.512, 0.327, 0.436, 0.491]
		},
		"perc-mes336"	: {
			"env"	: 50,
			"wind_steep"	: 0.0005,
			"amps"	: [-6.12, -14.61, -16.79, -6, 0, -4, -4, -7],
			"width"	: 2,
			"dur"	: [0.199, 0.061, 0.239, 0.18, 0.18, 0.09, 0.12, 0.18],
			"amp"	: 0,
			"dels"	: [1.094, 1.506, 1.832, 1.19, 1.017, 1.911, 1.266, 2.857],
			"fbk"	: [0, 0, 0, 0, 0, 0, 0, 0],
			"prob"	: [0.429, 0.442, 0.429, 0.405, 0.47, 0.476, 0.393, 0.345]
		},
		"piano_fshift"	: {
			"env"	: 1,
			"wind_steep"	: 0.0005,
			"amps"	: [-8, -7, -2, -4, -9, -6, 1, -8],
			"width"	: 2,
			"dur"	: [0.645, 0.477, 0.869, 0.917, 0.239, 0.314, 0.227, 0.065],
			"amp"	: 0,
			"dels"	: [1.921, 0.326, 0.061, 1.222, 0.62, 0.782, 0.611, 1.891],
			"fbk"	: [0.631, 0.381, 0.894, 0.599, 0.405, 0.836, 0.313, 0.862],
			"prob"	: [0.725, 0.956, 0.579, 0.667, 0.707, 0.866, 0.786, 0.863]
		}
	}
}