{
			"TSustractLFO"	: {
				"preset0"	: {
					"transp"	: 0,
					"amp"	: 0,
					"d"	: 0,
					"shift"	: 0,
					"distor"	: 0,
					"lfnoise_amp"	: 0,
					"lfnoise_ring"	: 0,
					"lag"	: 0,
					"width"	: 0,
					"lag_spat"	: 0,
					"freqs"	: 0,
					"amps"	: 0,
					"rings"	: 0,
					"pos"	: 0
				},
				"mes338"	: {
					"transp"	: 0.659,
					"amp"	: -19.237261,
					"d"	: 6.9,
					"shift"	: -397.355171,
					"distor"	: 0,
					"lfnoise_amp"	: 4.071,
					"lfnoise_ring"	: 14.231,
					"lag"	: 0.853,
					"width"	: 2,
					"lag_spat"	: 0.2,
					"freqs"	: [ 93.58,  93.58,  98,  98,  138.59,  138.59,  164.81,  169.59,  174.61,  185,  242.28,  627.27,  1046.5,  1358.71,  1441.95,  2217.46,  3322.44,  4978.03,  6374.87,  6765.38 ],
					"amps"	: [ 1.77,  1.31,  1.17,  0.83,  1.78,  1.44,  0.79,  0.17,  1.79,  1.58,  0.68,  1.18,  1.63,  0.78,  0.14,  1.76,  0.68,  1.86,  1.01,  0.32 ],
					"rings"	: [ 0.5,  0.5,  0.5,  0.225,  0.034,  0.297,  0.5,  0.5,  0.5,  0.18,  0.5,  0.008,  0.5,  0.5,  0.5,  0.5,  0.5,  0.5,  0.5,  0.5 ],
					"pos"	: [ 1.540479,  0.226035,  1.411413,  1.874781,  0.941794,  1.308714,  1.906285,  1.639848,  1.522326,  1.642529,  1.650644,  1.802245,  1.526542,  1.465758,  1.096398,  1.074661,  0.933147,  0.208941,  1.547575,  1.707823 ]
				}
			}
		}