{
	"Tube_add_26"	: {
		"pintas_rapido"	: {
			"lag"	: 0.001,
			"distor"	: 0.525,
			"amps"	: [ 1.27,  1.31,  1.35,  1.35,  1.37,  1.39,  1.39,  1.39,  1.33,  1.31,  1.28,  1.24,  1.21,  1.2,  1.2,  1.2,  1.2,  1.2,  1.2,  1.22,  1.23,  1.27,  1.28,  1.31,  1.31,  1.35 ],
			"transp"	: 4.828,
			"freqs"	: [ 98.0,  141.88,  146.83,  150.58,  196.0,  233.08,  293.66,  329.63,  329.63,  367.34,  554.37,  706.48,  795.68,  987.77,  1136.75,  1244.51,  1318.51,  1479.98,  1567.98,  1723.5,  1975.53,  2320.15,  2943.06,  3961.91,  5660.17,  6374.87 ],
			"shift"	: -31.02618542109,
			"amp"	: -18.326433862462,
			"inclino"	: 0.92,
			"d"	: 0.0
		},
		"MR1"	: {
			"distor"	: -0.339,
			"lag"	: 1,
			"freqs"	: [ 105.4,  105.4,  116.54,  118.71,  159.8,  159.8,  169.59,  215.12,  261.63,  272.87,  293.66,  329.63,  369.99,  439.07,  665.7,  932.33,  1206.39,  1280.29,  1318.51,  1864.66,  3733.22,  3951.07,  4186.01,  5025.6,  6374.87,  6765.38 ],
			"transp"	: 1,
			"amps"	: [ 0.41,  1.12,  0.49,  0.93,  1.9,  0.75,  0.53,  0.87,  1.87,  1.32,  1.29,  1.13,  0.5,  0.63,  1.17,  0.57,  1.12,  1.93,  0.29,  1.3,  0.27,  1.07,  1.98,  1.79,  0.99,  1.29 ],
			"shift"	: -244.1330502477,
			"amp"	: -29.729665080599,
			"inclino"	: 0.5,
			"d"	: 14.5
		},
		"fin_tube1"	: {
			"lag"	: 1.0,
			"distor"	: -0.339,
			"amps"	: [ 0.41,  1.12,  0.49,  0.93,  1.9,  0.75,  0.53,  0.87,  1.87,  1.32,  1.29,  1.13,  0.5,  0.63,  1.17,  0.57,  1.12,  1.93,  0.29,  1.3,  0.27,  1.07,  1.98,  1.79,  0.99,  1.29 ],
			"transp"	: 1.0,
			"freqs"	: [ 105.4,  105.4,  116.54,  118.71,  159.8,  159.8,  169.59,  215.12,  261.63,  272.87,  293.66,  329.63,  369.99,  439.07,  665.7,  932.33,  1206.39,  1280.29,  1318.51,  1864.66,  3733.22,  3951.07,  4186.01,  5025.6,  6374.87,  6765.38 ],
			"shift"	: -244.1330502477,
			"amp"	: -35.938124544616,
			"inclino"	: 0.52,
			"d"	: 14.5
		},
		"fin_tube2"	: {
			"lag"	: 1.316,
			"distor"	: 1.342,
			"amps"	: [ 0.41,  1.12,  0.49,  0.93,  1.9,  0.75,  0.53,  0.87,  1.87,  1.32,  1.29,  1.13,  0.5,  0.63,  1.17,  0.57,  1.12,  1.93,  0.29,  1.3,  0.27,  1.07,  1.98,  1.79,  0.99,  1.29 ],
			"transp"	: 3.604,
			"freqs"	: [ 92.5,  92.5,  110.0,  150.58,  155.56,  169.59,  207.65,  261.63,  307.33,  389.84,  706.48,  749.75,  830.61,  1206.39,  1318.51,  1396.91,  1864.66,  1941.12,  1975.53,  2060.03,  2462.28,  3520.0,  3520.0,  3733.22,  4186.01,  4434.92 ],
			"shift"	: -132.06349206349,
			"amp"	: -35.938124544616,
			"inclino"	: 0.53,
			"d"	: 14.5
		},
		"preset0"	: {
			"distor"	: 0,
			"lag"	: 0,
			"freqs"	: 0,
			"transp"	: 0,
			"amps"	: 0,
			"shift"	: 0,
			"amp"	: 0,
			"inclino"	: 0,
			"d"	: 0
		},
		"fin_tube3"	: {
			"shift"	: -132.06349206349,
			"lag"	: 1.316,
			"d"	: 14.5,
			"amp"	: -35.938124544616,
			"inclino"	: 0.64,
			"amps"	: [ 0.68,  0.23,  1.64,  1.68,  0.88,  0.61,  1.94,  1.82,  0.39,  0.61,  0.05,  0.94,  1.7,  0.98,  1.2,  0.99,  0.93,  0.95,  0.34,  1.7,  0.28,  1.89,  1.1,  0.85,  0.76,  0.72 ],
			"distor"	: 1.342,
			"transp"	: 3.604,
			"freqs"	: [ 92.5,  92.5,  110.0,  150.58,  155.56,  169.59,  207.65,  261.63,  307.33,  389.84,  706.48,  749.75,  830.61,  1206.39,  1318.51,  1396.91,  1864.66,  1941.12,  1975.53,  2060.03,  2462.28,  3520.0,  3520.0,  3733.22,  4186.01,  4434.92 ]
		}
	}
}