{
	"Tweets_fo_0145"	: {
		"MR4"	: {
			"p2"	: 98.2,
			"p3"	: 1.9,
			"p1"	: 29.8,
			"amp"	: -3.2961729670739
		},
		"MR1"	: {
			"p2"	: 100,
			"p3"	: 89.8,
			"p1"	: 14.5,
			"amp"	: -3.2961729670739
		},
		"MR5"	: {
			"p2"	: 66.8,
			"p3"	: 78,
			"p1"	: 4,
			"amp"	: -3.2961729670739
		},
		"MR2"	: {
			"p2"	: 79,
			"p3"	: 47.5,
			"p1"	: 39.6,
			"amp"	: -3.2961729670739
		},
		"preset0"	: {
			"p2"	: 0,
			"p3"	: 0,
			"p1"	: 0,
			"amp"	: 0
		},
		"MR3"	: {
			"p2"	: 71.3,
			"p3"	: 95.4,
			"p1"	: 8.2,
			"amp"	: -3.2961729670739
		}
	}
}