{
	"Tweets_fo_0160"	: {
		"bajo2"	: {
			"amp"	: -5.296829,
			"f1"	: 57.9,
			"p2"	: 3.4,
			"f2"	: 43.9,
			"p1"	: 1
		},
		"MR1"	: {
			"amp"	: 2.1548072646025,
			"p2"	: 11.5,
			"f1"	: 42.7,
			"f2"	: 649.9,
			"p1"	: 63.2
		},
		"bajo1"	: {
			"amp"	: -5.296829,
			"f1"	: 60.7,
			"p2"	: 3.4,
			"f2"	: 30.8,
			"p1"	: 0.4
		},
		"preset0"	: {
			"amp"	: 0,
			"f1"	: 0,
			"p2"	: 0,
			"f2"	: 0,
			"p1"	: 0
		},
		"MR2"	: {
			"amp"	: -3.6795227294984,
			"p2"	: 5.2,
			"f1"	: 42.7,
			"f2"	: 649.9,
			"p1"	: 63.2
		},
		"MR3_bueno"	: {
			"p2"	: 3.5,
			"f1"	: 20.5,
			"f2"	: 903.1,
			"p1"	: 1.8,
			"amp"	: -6.0262210524962
		}
	}
}