{
	"VOsc_wt_20_mod_mono"	: {
		"test2"	: {
			"lag_spat"	: 0.2,
			"amp"	: -3.8138833750121,
			"buf"	: 0.0,
			"lfo_buf_freq"	: 3.443,
			"shift"	: 0.0,
			"freqs"	: [ 242.28,  202.7,  3729.31,  1206.39,  174.61,  123.47,  2773.18,  87.31,  1829.08,  2613.11,  465.96,  1661.22,  289.59,  1624.02,  150.58,  138.59,  116.54,  130.81,  795.68,  896.15 ],
			"lfnoise_amp"	: 0.0,
			"detune"	: 1.323,
			"numBufs"	: 5.0,
			"distor"	: 0.0,
			"width"	: 2.0,
			"d"	: 0.0,
			"amps"	: [ 1.42,  1.98,  0.35,  0.43,  0.46,  0.19,  0.27,  1.39,  1.47,  1.31,  1.44,  1.54,  1.46,  0.5,  0.47,  1.85,  1.46,  1.58,  0.05,  0.1 ],
			"detu_freq"	: 1.32,
			"lag"	: 1.0,
			"ampmod"	: 0.001,
			"transp"	: 0.194
		},
		"default"	: {
			"lag_spat"	: 0.2,
			"amp"	: 0,
			"buf"	: 0,
			"lfo_buf_freq"	: 0,
			"shift"	: 0,
			"freqs"	: [ 90.09,  373.96,  139.63,  36.25,  4975.76,  174.56,  1689.14,  603.31,  426.03,  41.95,  42.87,  98.45,  58.24,  36.71,  8574.69,  488.42,  3925.86,  2952.84,  3917.64,  178.41 ],
			"lfnoise_amp"	: 0,
			"detune"	: 0,
			"distor"	: 0,
			"width"	: 2,
			"d"	: 0,
			"amps"	: [ 0.53,  0.15,  1.49,  0.84,  0.8,  0.42,  0.44,  1.27,  1.79,  0.83,  1.99,  0.7,  0.19,  0.74,  0.23,  0.9,  1.45,  0.27,  0.2,  0.79 ],
			"detu_freq"	: 0,
			"pos"	: [ 0.85032108240128,  1.8524370068908,  0.6701984151721,  1.4067042897582,  1.3416102126241,  0.59131227445602,  1.6629909704804,  1.2689791473985,  1.1271138350129,  1.4723958139777,  1.7068387230515,  1.5634044564486,  0.59520903128386,  0.730443300879,  0.026188125383854,  0.66604179508686,  1.2889654927731,  0.95979861186743,  0.62942920777798,  1.1869067016959 ],
			"lag"	: 1,
			"ampmod"	: 0.001,
			"transp"	: 1
		},
		"test3"	: {
			"lfo_buf_freq"	: 0.0,
			"detu_freq"	: 0.0,
			"d"	: 0.0,
			"amp"	: 0.0,
			"lag_spat"	: 0.2,
			"distor"	: 0.0,
			"buf"	: 4.0,
			"shift"	: 0.0,
			"lag"	: 1.0,
			"ampmod"	: 0.001,
			"amps"	: [ 1.23,  1.23,  0.92,  0.65,  0.77,  0.86,  0.86,  0.63,  0.63,  0.55,  0.5,  0.41,  0.55,  0.73,  0.92,  0.99,  0.95,  0.8,  0.74,  0.68 ],
			"width"	: 2.0,
			"transp"	: 0.194,
			"detune"	: 0.0,
			"lfnoise_amp"	: 0.0,
			"numBufs"	: 9.0,
			"freqs"	: [ 242.28,  202.7,  3729.31,  1206.39,  174.61,  123.47,  2773.18,  87.31,  1829.08,  2613.11,  465.96,  1661.22,  289.59,  1624.02,  150.58,  138.59,  116.54,  130.81,  795.68,  896.15 ]
		},
		"test1"	: {
			"lag_spat"	: 0.2,
			"amp"	: -0.41243436106466,
			"buf"	: 0.0,
			"lfo_buf_freq"	: 0.0,
			"shift"	: 0.0,
			"freqs"	: [ 138.59,  147.42,  198.19,  213.41,  243.81,  266.44,  308.93,  385.7,  385.7,  385.7,  358.2,  332.65,  415.32,  415.32,  415.32,  415.32,  415.32,  415.32,  415.32,  415.32 ],
			"lfnoise_amp"	: 0.0,
			"detune"	: 3.003,
			"numBufs"	: 7.0,
			"distor"	: 0.0,
			"width"	: 2.0,
			"d"	: 0.0,
			"amps"	: [ 1.88,  0.42,  1.98,  0.09,  0.17,  1.35,  0.88,  0.59,  0.22,  0.72,  0.87,  1.7,  0.74,  0.42,  0.25,  1.56,  0.96,  0.06,  0.16,  0.48 ],
			"detu_freq"	: 11.935,
			"lag"	: 1.0,
			"ampmod"	: 0.001,
			"transp"	: 0.321
		}
	}
}